Phrase,Total Frequency,,,,,,,
,,,,,,,,
"Fenster
",2322,Öffnung / Schließung,19317,,,,,
"Wagen
",1404,Reise,11471,,,,,
"Freiheit
",799,Freiheit,2158,,,,,
"Krieg
",603,Krieg,1749,,,,,
"Besuch
",560,Begegnung,1157,,,,,
"Flucht
",427,Flucht /Zuflucht,652,,,404,Erscheinung,409
"Spaziergang
",151,Natur / Landleben / Jagd,535,,,,,
"Spiegel
",453,Spiegel,491,,,,,
"Einsamkeit
",342,Einsamkeit,424,,,,,
"Ordnung
",236,Ordnung,384,,,,,
"Sarg
",156,Bestattung,264,,,,,
"Abenteuer
",149,Abenteuer,162,,,,,
"Auftritt
",129,Aufführung,161,,,,,
"Leere
",160,Weite / Leere / Suche,267,,,,,
"Dasein
",53,Dasein,90,,,,,
"Kirchgang
",13,Kirche / Spiritualität,79,,,,,
"Unfall
",36,Krankenhaus / Unfall,53,,,,,
"Festgewand
",4,Fest,19,,,,,
"Erdbeben
",11,Naturkatastrophe,13,,,,,
"Schlafzimmertür
",6,Privatraum,11,,,,,
"Herkunft
",11,Herkunft,11,,,,,
"Fahrradunfall
",1,Unfall,,,,,,
"Spiegeln
",8,Spiegel,,,,,,
"Rückspiegel
",4,Spiegel,,,,,,
"Spiegelwand
",3,Spiegel,,,,,,
"Spiegelwände
",2,Spiegel,,,,,,
"Spiegeltische
",2,Spiegel,,,,,,
"Spiegelgarn
",1,Spiegel,,,,,,
"Spiegeltürchen
",1,Spiegel,,,,,,
"Spiegellabyrinth
",1,Spiegel,,,,,,
"Spiegelung
",1,Spiegel,,,,,,
"Spiegelscheiben
",1,Spiegel,,,,,,
"Spiegelrahmen
",1,Spiegel,,,,,,
"Spiegelfenster
",1,Spiegel,,,,,,
"Spiegel offen
",1,Spiegel,,,,,,
"Spiegel-Taffeln
",1,Spiegel,,,,,,
"Spiegelscherbe
",1,Spiegel,,,,,,
"Spiegelbild
",1,Spiegel,,,,,,
"Umwandel-Spiegel
",1,Spiegel,,,,,,
"Spiegelbildes
",1,Spiegel,,,,,,
"Spiegelscheibe
",1,Spiegel,,,,,,
"Fensterspiegel
",1,Spiegel,,,,,,
"Spiegelglas
",1,Spiegel,,,,,,
"Spiegeltür
",1,Spiegel,,,,,,
"Türspiegel
",1,Spiegel,,,,,,
"Spiegel-Kanonen
",1,Spiegel,,,,,,
"Reise
",1212,Reise,,,,,,
"Abschied
",790,Reise,,,,,,
"Schiff
",759,Reise,,,,,,
"Schiffe
",453,Reise,,,,,,
"Ankunft
",434,Reise,,,,,,
"Abreise
",407,Reise,,,,,,
"reisen
",347,Reise,,,,,,
"unterwegs
",340,Reise,,,,,,
"Aufenthalt
",301,Reise,,,,,,
"Boot
",279,Reise,,,,,,
"Fahrt
",276,Reise,,,,,,
"Reisen
",270,Reise,,,,,,
"Zug
",244,Reise,,,,,,
"Auto
",233,Reise,,,,,,
"Entdeckung
",222,Reise,,,,,,
"Pferde
",158,Reise,,,,,,
"Urlaub
",123,Reise,,,,,,
"reiste
",100,Reise,,,,,,
"Fahrzeug
",99,Reise,,,,,,
"Abwesenheit
",98,Reise,,,,,,
"Wagens
",97,Reise,,,,,,
"Schiffen
",96,Reise,,,,,,
"Autos
",92,Reise,,,,,,
"Boote
",89,Reise,,,,,,
"Kahn
",88,Reise,,,,,,
"Rückweg
",87,Reise,,,,,,
"Karren
",82,Reise,,,,,,
"Pferd
",79,Reise,,,,,,
"Abfahrt
",74,Reise,,,,,,
"Kutsche
",71,Reise,,,,,,
"Aufenthalts
",70,Reise,,,,,,
"Dampfer
",67,Reise,,,,,,
"Bus
",61,Reise,,,,,,
"reise
",54,Reise,,,,,,
"Rückkehr
",52,Reise,,,,,,
"Abschiede
",50,Reise,,,,,,
"Reisern
",48,Reise,,,,,,
"Wanderung
",46,Reise,,,,,,
"Rückreise
",46,Reise,,,,,,
"Bahn
",40,Reise,,,,,,
"Umweg
",40,Reise,,,,,,
"Zurückkunft
",40,Reise,,,,,,
"Ausflug
",38,Reise,,,,,,
"Fuhrwerk
",37,Reise,,,,,,
"Aufbruch
",37,Reise,,,,,,
"Aufenthalte
",35,Reise,,,,,,
"Autobahn
",34,Reise,,,,,,
"Transport
",29,Reise,,,,,,
"Flugzeug
",28,Reise,,,,,,
"Galopp
",27,Reise,,,,,,
"Reisewagen
",26,Reise,,,,,,
"Dampfschiff
",25,Reise,,,,,,
"Fahrzeuge
",25,Reise,,,,,,
"Rückfahrt
",25,Reise,,,,,,
"Fahrrad
",24,Reise,,,,,,
"Wanderschaft
",23,Reise,,,,,,
"Verkehr
",22,Reise,,,,,,
"Rückkunft
",21,Reise,,,,,,
"Busse
",21,Reise,,,,,,
"reiset
",19,Reise,,,,,,
"Abschieds
",18,Reise,,,,,,
"Postwagen
",16,Reise,,,,,,
"Aufenthaltes
",16,Reise,,,,,,
"Heimweh
",16,Reise,,,,,,
"Reisegesellschaft
",15,Reise,,,,,,
"Unterwegs
",15,Reise,,,,,,
"Tour
",14,Reise,,,,,,
"Austritt
",11,Reise,,,,,,
"Hochzeitsreise
",11,Reise,,,,,,
"Aufstieg
",11,Reise,,,,,,
"Taxi
",10,Reise,,,,,,
"Wagenfenster
",10,Reise,,,,,,
"Flugzeuge
",9,Reise,,,,,,
"reist
",9,Reise,,,,,,
"Rück-Reise
",9,Reise,,,,,,
"Fahrzeugs
",9,Reise,,,,,,
"Ritt
",9,Reise,,,,,,
"Schlittenfahrt
",8,Reise,,,,,,
"Aufenthaltsort
",8,Reise,,,,,,
"Kutschen
",8,Reise,,,,,,
"Fuhrwerke
",8,Reise,,,,,,
"Seefahrt
",8,Reise,,,,,,
"Wallfahrt
",8,Reise,,,,,,
"Schiffswand
",7,Reise,,,,,,
"Segelboot
",7,Reise,,,,,,
"Heimfahrt
",7,Reise,,,,,,
"Flughafen
",7,Reise,,,,,,
"Wagenrad
",7,Reise,,,,,,
"Wiedersehens
",6,Reise,,,,,,
"Booten
",6,Reise,,,,,,
"Reisebeschreibung
",6,Reise,,,,,,
"Entdeckungsreise
",6,Reise,,,,,,
"Dampfboot
",6,Reise,,,,,,
"Bootsfahrt
",6,Reise,,,,,,
"Fahren
",6,Reise,,,,,,
"Zurückreise
",6,Reise,,,,,,
"Wagentransport
",6,Reise,,,,,,
"Autotür
",6,Reise,,,,,,
"Jeep
",6,Reise,,,,,,
"Heimreise
",6,Reise,,,,,,
"Vorderschiff
",5,Reise,,,,,,
"Autofahrt
",5,Reise,,,,,,
"Pferdebahnwagen
",5,Reise,,,,,,
"Equipage
",5,Reise,,,,,,
"reisten
",5,Reise,,,,,,
"Schifffahrt
",5,Reise,,,,,,
"Kreuzfahrt
",5,Reise,,,,,,
"Flugzeugs
",5,Reise,,,,,,
"Schiffahrt
",5,Reise,,,,,,
"Reisenden
",5,Reise,,,,,,
"Abspannung
",4,Reise,,,,,,
"Kuchelwagen
",4,Reise,,,,,,
"Fluge
",4,Reise,,,,,,
"Mietwagen
",4,Reise,,,,,,
"abreiste
",4,Reise,,,,,,
"Fahrzeugen
",4,Reise,,,,,,
"Dampfschiffe
",4,Reise,,,,,,
"Hinreise
",4,Reise,,,,,,
"Route
",4,Reise,,,,,,
"Reisepass
",4,Reise,,,,,,
"Bahnfahrt
",4,Reise,,,,,,
"Fuhrwerks
",4,Reise,,,,,,
"Reisens
",4,Reise,,,,,,
"Schiffsreise
",4,Reise,,,,,,
"Abschiedes
",4,Reise,,,,,,
"Reisebeschreibungen
",4,Reise,,,,,,
"Lastwagen
",4,Reise,,,,,,
"abreisen
",4,Reise,,,,,,
"Wagenkolonne
",3,Reise,,,,,,
"Abschweifung
",3,Reise,,,,,,
"Schiffbruch
",3,Reise,,,,,,
"Rück-Weg
",3,Reise,,,,,,
"Reisegefährten
",3,Reise,,,,,,
"Kahnfahrt
",3,Reise,,,,,,
"Busses
",3,Reise,,,,,,
"Entdeckungsreisen
",3,Reise,,,,,,
"Flugreise
",3,Reise,,,,,,
"Anfahrt
",3,Reise,,,,,,
"Wagenschanze
",3,Reise,,,,,,
"Fahrweg
",3,Reise,,,,,,
"Kutschenfenster
",3,Reise,,,,,,
"Entdeckungen
",3,Reise,,,,,,
"Bleibens
",3,Reise,,,,,,
"Ausreise
",3,Reise,,,,,,
"Wiederkehr
",3,Reise,,,,,,
"Flugs
",3,Reise,,,,,,
"Fluggesellschaft
",3,Reise,,,,,,
"Reisekutsche
",3,Reise,,,,,,
"Flug
",3,Reise,,,,,,
"Flugbahn
",3,Reise,,,,,,
"Wagenecke
",3,Reise,,,,,,
"Reisegruppe
",3,Reise,,,,,,
"Tagreise
",3,Reise,,,,,,
"Admiralschiff
",3,Reise,,,,,,
"reisete
",3,Reise,,,,,,
"Abschiednehmen
",3,Reise,,,,,,
"Rockenfahrt
",3,Reise,,,,,,
"Wagendecke
",2,Reise,,,,,,
"Schiebkarren
",2,Reise,,,,,,
"Rollwagen
",2,Reise,,,,,,
"Maultierwagen
",2,Reise,,,,,,
"Entdeckreise
",2,Reise,,,,,,
"Besichtigung
",2,Reise,,,,,,
"Brautfahrt
",2,Reise,,,,,,
"Rückwärtsgang
",2,Reise,,,,,,
"Autoverkehr
",2,Reise,,,,,,
"Rossen
",2,Reise,,,,,,
"verreiset
",2,Reise,,,,,,
"Admiralsschiff
",2,Reise,,,,,,
"Wagenspuren
",2,Reise,,,,,,
"Landung
",2,Reise,,,,,,
"Abschiedsworte
",2,Reise,,,,,,
"Schiff-Fahrt
",2,Reise,,,,,,
"Fruchtwagen
",2,Reise,,,,,,
"Durchreise
",2,Reise,,,,,,
"Tagereise
",2,Reise,,,,,,
"Wanderungen
",2,Reise,,,,,,
"Elektrokarren
",2,Reise,,,,,,
"Zurückkehr
",2,Reise,,,,,,
"reiseten
",2,Reise,,,,,,
"Visitiereisen
",2,Reise,,,,,,
"Autoscheinwerfer
",2,Reise,,,,,,
"Wagentritt
",2,Reise,,,,,,
"verreisen
",2,Reise,,,,,,
"reisest
",2,Reise,,,,,,
"Fluglinie
",2,Reise,,,,,,
"Wanderweg
",2,Reise,,,,,,
"Reisegenossen
",2,Reise,,,,,,
"Kur
",2,Reise,,,,,,
"Fiaker
",2,Reise,,,,,,
"Kammerwagen
",2,Reise,,,,,,
"Abschiedskuß
",2,Reise,,,,,,
"Karre
",2,Reise,,,,,,
"Wagendach
",2,Reise,,,,,,
"Weltreise
",2,Reise,,,,,,
"Eisenbahn
",2,Reise,,,,,,
"Reisegefährte
",2,Reise,,,,,,
"Staatschiff
",2,Reise,,,,,,
"Reise-Gesellschafft
",2,Reise,,,,,,
"Reiseerinnerungen
",2,Reise,,,,,,
"Reiseflor
",2,Reise,,,,,,
"verabschiedeten
",2,Reise,,,,,,
"Badereise
",2,Reise,,,,,,
"Auffenthalt
",2,Reise,,,,,,
"Rück-Fahrt
",2,Reise,,,,,,
"Alpenreise
",2,Reise,,,,,,
"Freihafen
",2,Reise,,,,,,
"Aufbruche
",2,Reise,,,,,,
"Ochsenwagen
",2,Reise,,,,,,
"Wanderwegs
",2,Reise,,,,,,
"Zugfahrt
",2,Reise,,,,,,
"Pfingst-Reise
",2,Reise,,,,,,
"Wiederkunft
",2,Reise,,,,,,
"Transportschiff
",2,Reise,,,,,,
"Reiseberichte
",2,Reise,,,,,,
"Kutschenschlage
",2,Reise,,,,,,
"Feuerwagen
",2,Reise,,,,,,
"Segelschiff
",2,Reise,,,,,,
"Unterkunft
",2,Reise,,,,,,
"Wasserfahrt
",2,Reise,,,,,,
"Reisekleidung
",1,Reise,,,,,,
"Reisekoffer
",1,Reise,,,,,,
"Abschiedsbesuch
",1,Reise,,,,,,
"Kaiserischen Wagen
",1,Reise,,,,,,
"Trennungsweh
",1,Reise,,,,,,
"Wagenketten
",1,Reise,,,,,,
"Urlaubsreise
",1,Reise,,,,,,
"Tagesreise
",1,Reise,,,,,,
"Thorwagen
",1,Reise,,,,,,
"wagen
",1,Reise,,,,,,
"Eintreffen
",1,Reise,,,,,,
"Zurückbleibens
",1,Reise,,,,,,
"Felsenburgische Boot
",1,Reise,,,,,,
"Wagenpartie
",1,Reise,,,,,,
"Kutschen-Rückfenster
",1,Reise,,,,,,
"Bootfahrt
",1,Reise,,,,,,
"Abwege
",1,Reise,,,,,,
"Fuhrwerck
",1,Reise,,,,,,
"Wagenrollen
",1,Reise,,,,,,
"Reisergasse
",1,Reise,,,,,,
"Herfahrt
",1,Reise,,,,,,
"Reiseeindrücke
",1,Reise,,,,,,
"Wanderfahrt
",1,Reise,,,,,,
"Entdeckungsfahrt
",1,Reise,,,,,,
"Wandertagen
",1,Reise,,,,,,
"Golf
",1,Reise,,,,,,
"Geländewagen
",1,Reise,,,,,,
"Wagenräder
",1,Reise,,,,,,
"Wiedereinschiffen
",1,Reise,,,,,,
"Kreuzfahrtschiff
",1,Reise,,,,,,
"Einschiffen
",1,Reise,,,,,,
"Reisepfade
",1,Reise,,,,,,
"Kutschwagen
",1,Reise,,,,,,
"Segelfahrt
",1,Reise,,,,,,
"Schiffbruche
",1,Reise,,,,,,
"Rückkehr Besuch
",1,Reise,,,,,,
"Wagenabteile
",1,Reise,,,,,,
"Schiffbrücke
",1,Reise,,,,,,
"herumgereist
",1,Reise,,,,,,
"Badreise
",1,Reise,,,,,,
"Trampschiff
",1,Reise,,,,,,
"Reiseequipage
",1,Reise,,,,,,
"Reiseziel
",1,Reise,,,,,,
"Einschiffung
",1,Reise,,,,,,
"Campingwagen
",1,Reise,,,,,,
"Kutschenfahrt
",1,Reise,,,,,,
"Reiset
",1,Reise,,,,,,
"Transitreisende
",1,Reise,,,,,,
"Abschiedsgruße
",1,Reise,,,,,,
"Kutschersitz
",1,Reise,,,,,,
"Reiseschaise
",1,Reise,,,,,,
"Reisebekanntschaft
",1,Reise,,,,,,
"Umwegs
",1,Reise,,,,,,
"Schlafwagen
",1,Reise,,,,,,
"verreist
",1,Reise,,,,,,
"Bauernwagen
",1,Reise,,,,,,
"Flugzeugrumpfs
",1,Reise,,,,,,
"Rükkunft
",1,Reise,,,,,,
"Neben-Schiff
",1,Reise,,,,,,
"Reiseanzuges
",1,Reise,,,,,,
"Spazierwagen
",1,Reise,,,,,,
"Post-Wagen
",1,Reise,,,,,,
"Transportschiffe
",1,Reise,,,,,,
"Wagenlaterne
",1,Reise,,,,,,
"Reisebesuch
",1,Reise,,,,,,
"Kübelwagen
",1,Reise,,,,,,
"Spazierreise
",1,Reise,,,,,,
"Dampfschiffahrt
",1,Reise,,,,,,
"Flatboot
",1,Reise,,,,,,
"abreist
",1,Reise,,,,,,
"Kaufschiff
",1,Reise,,,,,,
"Ausritt
",1,Reise,,,,,,
"Flugzeugabsturz
",1,Reise,,,,,,
"Reiselebens
",1,Reise,,,,,,
"Fahrsteg
",1,Reise,,,,,,
"Gebirgsreise
",1,Reise,,,,,,
"Abschieds-Scene
",1,Reise,,,,,,
"Wagen-Gerolle
",1,Reise,,,,,,
"Reiseplänen
",1,Reise,,,,,,
"Seereise
",1,Reise,,,,,,
"Fährschiff
",1,Reise,,,,,,
"Wagengerolle
",1,Reise,,,,,,
"Abschiedbesuchen
",1,Reise,,,,,,
"Wandelhalle
",1,Reise,,,,,,
"Tor spazieren
",1,Reise,,,,,,
"Schlitten-Lustfahrt
",1,Reise,,,,,,
"Postkutsche
",1,Reise,,,,,,
"Rükreise
",1,Reise,,,,,,
"Entdeckreisen
",1,Reise,,,,,,
"Karossen
",1,Reise,,,,,,
"Ballonfahrt
",1,Reise,,,,,,
"Avisoschiffe
",1,Reise,,,,,,
"Bug
",1,Reise,,,,,,
"Abschiedswort
",1,Reise,,,,,,
"Reiseberichten
",1,Reise,,,,,,
"Horrorfahrt
",1,Reise,,,,,,
"Ewer
",1,Reise,,,,,,
"Entführungsreise
",1,Reise,,,,,,
"Maultierkarren
",1,Reise,,,,,,
"Abschiednehmens
",1,Reise,,,,,,
"Fernreisen
",1,Reise,,,,,,
"Lebensreise
",1,Reise,,,,,,
"Schiffswerfte
",1,Reise,,,,,,
"Aufenthaltsorte
",1,Reise,,,,,,
"Reisers
",1,Reise,,,,,,
"Reise-Schiff
",1,Reise,,,,,,
"Autobahnausfahrt
",1,Reise,,,,,,
"Besucherparkplatz
",1,Reise,,,,,,
"Abschiedstages
",1,Reise,,,,,,
"Flieg
",1,Reise,,,,,,
"Abzweigung
",1,Reise,,,,,,
"Postwagen abreisen
",1,Reise,,,,,,
"Wagendeichsel
",1,Reise,,,,,,
"Abschiedbesuch
",1,Reise,,,,,,
"Autoscheinwerfers
",1,Reise,,,,,,
"Abwesenheit Abschied
",1,Reise,,,,,,
"Reisebusse
",1,Reise,,,,,,
"Reisensburg
",1,Reise,,,,,,
"Zurükkunft
",1,Reise,,,,,,
"Schiffern
",1,Reise,,,,,,
"Auswanderern
",1,Reise,,,,,,
"Reisestunden
",1,Reise,,,,,,
"Urlaubsort
",1,Reise,,,,,,
"reisende
",1,Reise,,,,,,
"Elektrischen Bahn
",1,Reise,,,,,,
"Fahrzeuges frei
",1,Reise,,,,,,
"Ausfahren
",1,Reise,,,,,,
"Wageninneren
",1,Reise,,,,,,
"Bordwand
",1,Reise,,,,,,
"Reisekarren
",1,Reise,,,,,,
"Riesenumweg
",1,Reise,,,,,,
"Hinterschiff
",1,Reise,,,,,,
"Abschieds-Visiten
",1,Reise,,,,,,
"Reise-Coffre
",1,Reise,,,,,,
"Fahrzeuges
",1,Reise,,,,,,
"verreise
",1,Reise,,,,,,
"Touren
",1,Reise,,,,,,
"Ochseewagen
",1,Reise,,,,,,
"Reisepläne
",1,Reise,,,,,,
"Reissen
",1,Reise,,,,,,
"Reisetasche
",1,Reise,,,,,,
"Taxi unterwegs
",1,Reise,,,,,,
"Reiserichtung
",1,Reise,,,,,,
"Garbenwagen
",1,Reise,,,,,,
"Fahrradfernweg
",1,Reise,,,,,,
"abreise
",1,Reise,,,,,,
"Abschiedsgrüße
",1,Reise,,,,,,
"Vergnügungsreise
",1,Reise,,,,,,
"Elektrische
",1,Reise,,,,,,
"Paßport
",1,Reise,,,,,,
"Aufenthaltserlaubnis
",1,Reise,,,,,,
"Reisekasse
",1,Reise,,,,,,
"Dammtor
",1,Reise,,,,,,
"Reisekarte
",1,Reise,,,,,,
"Weltfahrt
",1,Reise,,,,,,
"Fuhrmannswagen
",1,Reise,,,,,,
"Südseetür
",1,Reise,,,,,,
"Reiseeffekten
",1,Reise,,,,,,
"Vorschiff
",1,Reise,,,,,,
"Post-Schiff
",1,Reise,,,,,,
"Thalfahrt
",1,Reise,,,,,,
"Kutsche öfnen
",1,Reise,,,,,,
"Abweg
",1,Reise,,,,,,
"Reise Rückfracht
",1,Reise,,,,,,
"Reiseanschluß
",1,Reise,,,,,,
"reisetest
",1,Reise,,,,,,
"Viehwagen
",1,Reise,,,,,,
"Reise-Gefährten
",1,Reise,,,,,,
"Dampfwagen
",1,Reise,,,,,,
"Flughafens
",1,Reise,,,,,,
"Abteiltür
",1,Reise,,,,,,
"Abschiedsszene
",1,Reise,,,,,,
"Irrfahrt
",1,Reise,,,,,,
"Überfahrt
",1,Reise,,,,,,
"Staatscarossen
",1,Reise,,,,,,
"Bahnzug
",1,Reise,,,,,,
"Reisegeld
",1,Reise,,,,,,
"Heimkunft
",1,Reise,,,,,,
"Auslandreise
",1,Reise,,,,,,
"Schiffslebens
",1,Reise,,,,,,
"Courierfahrt
",1,Reise,,,,,,
"Hochzeitswagen
",1,Reise,,,,,,
"Rükweg
",1,Reise,,,,,,
"Kauffarthey-Schiffe
",1,Reise,,,,,,
"Miethswagen
",1,Reise,,,,,,
"Schiffe Botschaft
",1,Reise,,,,,,
"Fahr-Zeug
",1,Reise,,,,,,
"Heim-Reise
",1,Reise,,,,,,
"Wagenremisen
",1,Reise,,,,,,
"Bootfahren
",1,Reise,,,,,,
"Bahnsteigs
",1,Reise,,,,,,
"Fahrbahn
",1,Reise,,,,,,
"Wander-Stab
",1,Reise,,,,,,
"Flatbootfahrt
",1,Reise,,,,,,
"Reise unterwegs
",1,Reise,,,,,,
"Wageninnern
",1,Reise,,,,,,
"Abschieden
",1,Reise,,,,,,
"Zurückkunfft
",1,Reise,,,,,,
"Fischdampfer
",1,Reise,,,,,,
"Fußreise
",1,Reise,,,,,,
"Dampfers
",1,Reise,,,,,,
"Autobahnauffahrt
",1,Reise,,,,,,
"Kutsch-Kissen
",1,Reise,,,,,,
"Reisegeldes
",1,Reise,,,,,,
"Landreise
",1,Reise,,,,,,
"Reiseroute
",1,Reise,,,,,,
"Reiseanzug
",1,Reise,,,,,,
"Entdekkung
",1,Reise,,,,,,
"Eingeschirren
",1,Reise,,,,,,
"Tagfahrt
",1,Reise,,,,,,
"Segelschiffe
",1,Reise,,,,,,
"Reisegepäck
",1,Reise,,,,,,
"Reisezug
",1,Reise,,,,,,
"freien Verkehr
",1,Reise,,,,,,
"Kutter
",1,Reise,,,,,,
"Wüstenreise
",1,Reise,,,,,,
"Anschlußflug
",1,Reise,,,,,,
"Abwegs
",1,Reise,,,,,,
"Autos unterwegs
",1,Reise,,,,,,
"Wagenfahrten
",1,Reise,,,,,,
"Abteil
",1,Reise,,,,,,
"Spatzierfahrt
",1,Reise,,,,,,
"Abschiedsmoments
",1,Reise,,,,,,
"Kronwagen
",1,Reise,,,,,,
"Seegang
",1,Reise,,,,,,
"Türen reisen
",1,Reise,,,,,,
"Reiser
",1,Reise,,,,,,
"Fahrradweg
",1,Reise,,,,,,
"offenen Wagens
",1,Reise,,,,,,
"Studienreise
",1,Reise,,,,,,
"Reisegeschirr
",1,Reise,,,,,,
"Auto unterwegs
",1,Reise,,,,,,
"Zurück-Reise
",1,Reise,,,,,,
"Dahin-Reise
",1,Reise,,,,,,
"Wagensitze
",1,Reise,,,,,,
"Wagenremise
",1,Reise,,,,,,
"Fahr-Zeug unterwegs
",1,Reise,,,,,,
"Reise-Secretarii
",1,Reise,,,,,,
"Wagenzuge
",1,Reise,,,,,,
"Wagenabteil
",1,Reise,,,,,,
"Flughafenanschluß
",1,Reise,,,,,,
"Reisegefährtinnen
",1,Reise,,,,,,
"Anschlussflug
",1,Reise,,,,,,
"Ausflugsort
",1,Reise,,,,,,
"Auftrag reise
",1,Reise,,,,,,
"Reisekleidern
",1,Reise,,,,,,
"Pferdewagen
",1,Reise,,,,,,
"Ewern
",1,Reise,,,,,,
"bereist
",1,Reise,,,,,,
"Aufwärtsfahrt
",1,Reise,,,,,,
"Taxis
",1,Reise,,,,,,
"Kuttergäste
",1,Reise,,,,,,
"Jagd reisen
",1,Reise,,,,,,
"Flughafenerweiterung
",1,Reise,,,,,,
"Wagen Schiffe
",1,Reise,,,,,,
"Reisewagen spazieren
",1,Reise,,,,,,
"abgereiset
",1,Reise,,,,,,
"Ferien-Reise
",1,Reise,,,,,,
"Wandertag
",1,Reise,,,,,,
"Wohnzimmertür
",2,Privatraum,,,,,,
"Badezimmertür
",2,Privatraum,,,,,,
"Schlafkammerthür
",1,Privatraum,,,,,,
"Unordnung
",118,Ordnung,,,,,,
"Wirrwarr
",9,Ordnung,,,,,,
"Unordnungen
",6,Ordnung,,,,,,
"Hausordnung
",5,Ordnung,,,,,,
"ordnete
",2,Ordnung,,,,,,
"geordnet
",2,Ordnung,,,,,,
"Einordnung
",2,Ordnung,,,,,,
"Aufräumen
",1,Ordnung,,,,,,
"Weltordnung
",1,Ordnung,,,,,,
"Post-Ordnung
",1,Ordnung,,,,,,
"Wagengewirre
",1,Ordnung,,,,,,
"Tür
",1886,Öffnung / Schließung,,,,,,
"Thür
",920,Öffnung / Schließung,,,,,,
"öffnete
",877,Öffnung / Schließung,,,,,,
"Wand
",827,Öffnung / Schließung,,,,,,
"Treppe
",765,Öffnung / Schließung,,,,,,
"offen
",671,Öffnung / Schließung,,,,,,
"Mauer
",486,Öffnung / Schließung,,,,,,
"Thüre
",423,Öffnung / Schließung,,,,,,
"Mauern
",390,Öffnung / Schließung,,,,,,
"Eingang
",386,Öffnung / Schließung,,,,,,
"Trennung
",324,Öffnung / Schließung,,,,,,
"öffnen
",291,Öffnung / Schließung,,,,,,
"geöffnet
",288,Öffnung / Schließung,,,,,,
"geschlossen
",287,Öffnung / Schließung,,,,,,
"Fenstern
",280,Öffnung / Schließung,,,,,,
"Türe
",256,Öffnung / Schließung,,,,,,
"Verbindung
",250,Öffnung / Schließung,,,,,,
"offenen
",246,Öffnung / Schließung,,,,,,
"Wände
",237,Öffnung / Schließung,,,,,,
"Wänden
",213,Öffnung / Schließung,,,,,,
"Türen
",212,Öffnung / Schließung,,,,,,
"Stufen
",209,Öffnung / Schließung,,,,,,
"Tor
",200,Öffnung / Schließung,,,,,,
"Haustür
",186,Öffnung / Schließung,,,,,,
"öffnet
",179,Öffnung / Schließung,,,,,,
"Grenze
",175,Öffnung / Schließung,,,,,,
"Treppen
",155,Öffnung / Schließung,,,,,,
"Vorhang
",152,Öffnung / Schließung,,,,,,
"Eintritt
",144,Öffnung / Schließung,,,,,,
"schloß
",137,Öffnung / Schließung,,,,,,
"Tore
",122,Öffnung / Schließung,,,,,,
"Festung
",116,Öffnung / Schließung,,,,,,
"Ausgang
",116,Öffnung / Schließung,,,,,,
"offene
",114,Öffnung / Schließung,,,,,,
"schloss
",104,Öffnung / Schließung,,,,,,
"Empfang
",104,Öffnung / Schließung,,,,,,
"Thüren
",101,Öffnung / Schließung,,,,,,
"öffneten
",93,Öffnung / Schließung,,,,,,
"Thor
",91,Öffnung / Schließung,,,,,,
"Pforte
",87,Öffnung / Schließung,,,,,,
"Öffnung
",76,Öffnung / Schließung,,,,,,
"öffne
",71,Öffnung / Schließung,,,,,,
"Thore
",66,Öffnung / Schließung,,,,,,
"Oeffnung
",65,Öffnung / Schließung,,,,,,
"Zugang
",60,Öffnung / Schließung,,,,,,
"Zutritt
",57,Öffnung / Schließung,,,,,,
"Zaun
",55,Öffnung / Schließung,,,,,,
"Vorhänge
",54,Öffnung / Schließung,,,,,,
"Gitter
",54,Öffnung / Schließung,,,,,,
"Fensterscheiben
",52,Öffnung / Schließung,,,,,,
"Treppenhaus
",51,Öffnung / Schließung,,,,,,
"Fensters
",49,Öffnung / Schließung,,,,,,
"Wohnungstür
",48,Öffnung / Schließung,,,,,,
"Schloss
",46,Öffnung / Schließung,,,,,,
"Entfernung
",43,Öffnung / Schließung,,,,,,
"Hausthür
",41,Öffnung / Schließung,,,,,,
"Einzug
",40,Öffnung / Schließung,,,,,,
"offenen Fenster
",33,Öffnung / Schließung,,,,,,
"geöffneten
",32,Öffnung / Schließung,,,,,,
"Fensterbrett
",31,Öffnung / Schließung,,,,,,
"Eingangstür
",31,Öffnung / Schließung,,,,,,
"geschlossenen
",30,Öffnung / Schließung,,,,,,
"Aufgang
",30,Öffnung / Schließung,,,,,,
"Fensterläden
",27,Öffnung / Schließung,,,,,,
"offene Fenster
",27,Öffnung / Schließung,,,,,,
"Türrahmen
",26,Öffnung / Schließung,,,,,,
"Hindernis
",26,Öffnung / Schließung,,,,,,
"Schlüssel
",26,Öffnung / Schließung,,,,,,
"Grenzen
",26,Öffnung / Schließung,,,,,,
"Hindernisse
",26,Öffnung / Schließung,,,,,,
"Stubentür
",25,Öffnung / Schließung,,,,,,
"Felswand
",23,Öffnung / Schließung,,,,,,
"Fensternische
",23,Öffnung / Schließung,,,,,,
"Eröffnung
",21,Öffnung / Schließung,,,,,,
"Fensterbank
",21,Öffnung / Schließung,,,,,,
"Tür offen
",20,Öffnung / Schließung,,,,,,
"Treppenstufen
",20,Öffnung / Schließung,,,,,,
"Eingange
",19,Öffnung / Schließung,,,,,,
"Glastür
",18,Öffnung / Schließung,,,,,,
"Hausthüre
",18,Öffnung / Schließung,,,,,,
"Tür öffnete
",18,Öffnung / Schließung,,,,,,
"Fensterscheibe
",18,Öffnung / Schließung,,,,,,
"Felsenwand
",18,Öffnung / Schließung,,,,,,
"Einfahrt
",18,Öffnung / Schließung,,,,,,
"verschlossen
",17,Öffnung / Schließung,,,,,,
"offnen
",17,Öffnung / Schließung,,,,,,
"Fensterladen
",17,Öffnung / Schließung,,,,,,
"Auffahrt
",17,Öffnung / Schließung,,,,,,
"Gartenzaun
",16,Öffnung / Schließung,,,,,,
"Öffnen
",15,Öffnung / Schließung,,,,,,
"Tür geöffnet
",15,Öffnung / Schließung,,,,,,
"Treppengeländer
",15,Öffnung / Schließung,,,,,,
"Mauerwerk
",15,Öffnung / Schließung,,,,,,
"Küchentür
",15,Öffnung / Schließung,,,,,,
"Ausfahrt
",14,Öffnung / Schließung,,,,,,
"Holztür
",14,Öffnung / Schließung,,,,,,
"Gartenmauer
",14,Öffnung / Schließung,,,,,,
"Tores
",14,Öffnung / Schließung,,,,,,
"Zimmertür
",14,Öffnung / Schließung,,,,,,
"offenen Tür
",13,Öffnung / Schließung,,,,,,
"Hauseingang
",13,Öffnung / Schließung,,,,,,
"Abgang
",13,Öffnung / Schließung,,,,,,
"Durchgang
",13,Öffnung / Schließung,,,,,,
"Hauswand
",13,Öffnung / Schließung,,,,,,
"Drehtür
",12,Öffnung / Schließung,,,,,,
"Oeffnen
",12,Öffnung / Schließung,,,,,,
"offene Tür
",12,Öffnung / Schließung,,,,,,
"Kammertür
",12,Öffnung / Schließung,,,,,,
"Abgrund
",12,Öffnung / Schließung,,,,,,
"Gartentor
",12,Öffnung / Schließung,,,,,,
"Hinter-Thür
",12,Öffnung / Schließung,,,,,,
"Türklinke
",11,Öffnung / Schließung,,,,,,
"geöffneten Fenster
",11,Öffnung / Schließung,,,,,,
"Thür öffnete
",11,Öffnung / Schließung,,,,,,
"Schranktür
",11,Öffnung / Schließung,,,,,,
"geöffnete Fenster
",11,Öffnung / Schließung,,,,,,
"öfnen
",10,Öffnung / Schließung,,,,,,
"Torweg
",10,Öffnung / Schließung,,,,,,
"Fenstervorhänge
",10,Öffnung / Schließung,,,,,,
"Gartenpforte
",10,Öffnung / Schließung,,,,,,
"Flurthür
",10,Öffnung / Schließung,,,,,,
"Türgriff
",9,Öffnung / Schließung,,,,,,
"geöffnete
",9,Öffnung / Schließung,,,,,,
"Scheidewand
",9,Öffnung / Schließung,,,,,,
"Kellertür
",9,Öffnung / Schließung,,,,,,
"Flügeltür
",9,Öffnung / Schließung,,,,,,
"Fensterrahmen
",9,Öffnung / Schließung,,,,,,
"Fensterflügel
",9,Öffnung / Schließung,,,,,,
"geschlossene
",9,Öffnung / Schließung,,,,,,
"Terrassentür
",9,Öffnung / Schließung,,,,,,
"Felswände
",9,Öffnung / Schließung,,,,,,
"Fenster geöffnet
",8,Öffnung / Schließung,,,,,,
"Vorhängen
",8,Öffnung / Schließung,,,,,,
"Fenstersims
",8,Öffnung / Schließung,,,,,,
"Hausgang
",8,Öffnung / Schließung,,,,,,
"Gartenthür
",8,Öffnung / Schließung,,,,,,
"Hintertür
",8,Öffnung / Schließung,,,,,,
"Flügeltüren
",8,Öffnung / Schließung,,,,,,
"Tür öffnet
",8,Öffnung / Schließung,,,,,,
"Ladentür
",8,Öffnung / Schließung,,,,,,
"offener
",8,Öffnung / Schließung,,,,,,
"Glastüren
",8,Öffnung / Schließung,,,,,,
"Treppenstufe
",8,Öffnung / Schließung,,,,,,
"Fensterchen
",8,Öffnung / Schließung,,,,,,
"Tapetenthür
",8,Öffnung / Schließung,,,,,,
"Einlaß
",8,Öffnung / Schließung,,,,,,
"Freitreppe
",8,Öffnung / Schließung,,,,,,
"Rückwand
",8,Öffnung / Schließung,,,,,,
"offenen Fenstern
",7,Öffnung / Schließung,,,,,,
"Fenstergriff
",7,Öffnung / Schließung,,,,,,
"Hinterwand
",7,Öffnung / Schließung,,,,,,
"Stalltür
",7,Öffnung / Schließung,,,,,,
"Thür geöffnet
",7,Öffnung / Schließung,,,,,,
"Thüre öffnete
",7,Öffnung / Schließung,,,,,,
"Kammerthür
",7,Öffnung / Schließung,,,,,,
"Türchen
",7,Öffnung / Schließung,,,,,,
"Gatter
",7,Öffnung / Schließung,,,,,,
"offenes
",7,Öffnung / Schließung,,,,,,
"Fenster offen
",7,Öffnung / Schließung,,,,,,
"offenen Türen
",7,Öffnung / Schließung,,,,,,
"Türklopfer
",7,Öffnung / Schließung,,,,,,
"Tor geöffnet
",7,Öffnung / Schließung,,,,,,
"Fensteröffnung
",6,Öffnung / Schließung,,,,,,
"Treppenaufgang
",6,Öffnung / Schließung,,,,,,
"Fensterglas
",6,Öffnung / Schließung,,,,,,
"Falltür
",6,Öffnung / Schließung,,,,,,
"Trampgang
",6,Öffnung / Schließung,,,,,,
"Felsenwände
",6,Öffnung / Schließung,,,,,,
"Stubenthür
",6,Öffnung / Schließung,,,,,,
"offene Thür
",6,Öffnung / Schließung,,,,,,
"offenen Thür
",6,Öffnung / Schließung,,,,,,
"Ofentür
",6,Öffnung / Schließung,,,,,,
"Türflügel
",6,Öffnung / Schließung,,,,,,
"Fenster öffnen
",6,Öffnung / Schließung,,,,,,
"Wagenschlag
",6,Öffnung / Schließung,,,,,,
"Fenster öffnete
",6,Öffnung / Schließung,,,,,,
"Türmen
",6,Öffnung / Schließung,,,,,,
"Wälle
",6,Öffnung / Schließung,,,,,,
"Glasthür
",6,Öffnung / Schließung,,,,,,
"Seitentür
",6,Öffnung / Schließung,,,,,,
"offne Fenster
",6,Öffnung / Schließung,,,,,,
"Fensterbrüstung
",6,Öffnung / Schließung,,,,,,
"Gitterfenster
",6,Öffnung / Schließung,,,,,,
"Ausgange
",6,Öffnung / Schließung,,,,,,
"Fensterkreuz
",5,Öffnung / Schließung,,,,,,
"Schließen
",5,Öffnung / Schließung,,,,,,
"Eisentür
",5,Öffnung / Schließung,,,,,,
"Türspalt
",5,Öffnung / Schließung,,,,,,
"Türblatt
",5,Öffnung / Schließung,,,,,,
"offenen Wagen
",5,Öffnung / Schließung,,,,,,
"Schwingtür
",5,Öffnung / Schließung,,,,,,
"Türöffnung
",5,Öffnung / Schließung,,,,,,
"Treppenhauses
",5,Öffnung / Schließung,,,,,,
"Thüre geöffnet
",5,Öffnung / Schließung,,,,,,
"Hausmauer
",5,Öffnung / Schließung,,,,,,
"Seitenthür
",5,Öffnung / Schließung,,,,,,
"geöffnete Thür
",5,Öffnung / Schließung,,,,,,
"Hoftür
",5,Öffnung / Schließung,,,,,,
"Gardinen
",5,Öffnung / Schließung,,,,,,
"Tür schloß
",5,Öffnung / Schließung,,,,,,
"Kaimauer
",5,Öffnung / Schließung,,,,,,
"Fensterhöhlen
",5,Öffnung / Schließung,,,,,,
"Balkontür
",5,Öffnung / Schließung,,,,,,
"Mauervorsprung
",5,Öffnung / Schließung,,,,,,
"Ausblick
",5,Öffnung / Schließung,,,,,,
"Beifahrertür
",5,Öffnung / Schließung,,,,,,
"Haustor
",5,Öffnung / Schließung,,,,,,
"Gitterthür
",5,Öffnung / Schließung,,,,,,
"Fensteröffnungen
",5,Öffnung / Schließung,,,,,,
"Thür offen
",5,Öffnung / Schließung,,,,,,
"offnen Fenster
",5,Öffnung / Schließung,,,,,,
"Fensterpfeiler
",5,Öffnung / Schließung,,,,,,
"Thorweg
",5,Öffnung / Schließung,,,,,,
"verschlossene
",5,Öffnung / Schließung,,,,,,
"Rundgang
",5,Öffnung / Schließung,,,,,,
"Hinterthür
",5,Öffnung / Schließung,,,,,,
"Türspalte
",5,Öffnung / Schließung,,,,,,
"Thüre öffnen
",4,Öffnung / Schließung,,,,,,
"begrenzt
",4,Öffnung / Schließung,,,,,,
"Fensterreihe
",4,Öffnung / Schließung,,,,,,
"Toilettentür
",4,Öffnung / Schließung,,,,,,
"Mauerreste
",4,Öffnung / Schließung,,,,,,
"Abzug
",4,Öffnung / Schließung,,,,,,
"Eßzimmertür
",4,Öffnung / Schließung,,,,,,
"offenes Fenster
",4,Öffnung / Schließung,,,,,,
"Fensterecke
",4,Öffnung / Schließung,,,,,,
"Fenstergitter
",4,Öffnung / Schließung,,,,,,
"offenen Eingang
",4,Öffnung / Schließung,,,,,,
"Scheiben
",4,Öffnung / Schließung,,,,,,
"Kirchenthüre
",4,Öffnung / Schließung,,,,,,
"Toreinfahrt
",4,Öffnung / Schließung,,,,,,
"Fenster geschlossen
",4,Öffnung / Schließung,,,,,,
"Abschnitt
",4,Öffnung / Schließung,,,,,,
"Wagenburg
",4,Öffnung / Schließung,,,,,,
"Schaufenster
",4,Öffnung / Schließung,,,,,,
"Flügelthüren
",4,Öffnung / Schließung,,,,,,
"verschlossenen Tür
",4,Öffnung / Schließung,,,,,,
"Feste
",4,Öffnung / Schließung,,,,,,
"Abgeschiedenheit
",4,Öffnung / Schließung,,,,,,
"Stahltür
",4,Öffnung / Schließung,,,,,,
"Wagentür
",4,Öffnung / Schließung,,,,,,
"Vorhängeschloss
",4,Öffnung / Schließung,,,,,,
"Schiebetür
",4,Öffnung / Schließung,,,,,,
"geöffnete Tür
",4,Öffnung / Schließung,,,,,,
"Eichenthür
",4,Öffnung / Schließung,,,,,,
"Tür geschlossen
",4,Öffnung / Schließung,,,,,,
"Fensterluke
",4,Öffnung / Schließung,,,,,,
"Oefnung
",4,Öffnung / Schließung,,,,,,
"Türme
",4,Öffnung / Schließung,,,,,,
"Garten-Thür
",4,Öffnung / Schließung,,,,,,
"Gitterpforte
",4,Öffnung / Schließung,,,,,,
"Stadtmauer
",4,Öffnung / Schließung,,,,,,
"Fenstersimse
",4,Öffnung / Schließung,,,,,,
"Thür öffnen
",4,Öffnung / Schließung,,,,,,
"öffnenden
",4,Öffnung / Schließung,,,,,,
"Schlucht
",3,Öffnung / Schließung,,,,,,
"Thüröffnung
",3,Öffnung / Schließung,,,,,,
"offnen Tür
",3,Öffnung / Schließung,,,,,,
"Tür öffne
",3,Öffnung / Schließung,,,,,,
"Klassentür
",3,Öffnung / Schließung,,,,,,
"Fensterbänken
",3,Öffnung / Schließung,,,,,,
"offne
",3,Öffnung / Schließung,,,,,,
"Tür verschlossen
",3,Öffnung / Schließung,,,,,,
"Bohlentür
",3,Öffnung / Schließung,,,,,,
"Fensterbogen
",3,Öffnung / Schließung,,,,,,
"Längswand
",3,Öffnung / Schließung,,,,,,
"geöfnet
",3,Öffnung / Schließung,,,,,,
"öfnete
",3,Öffnung / Schließung,,,,,,
"Gartentür
",3,Öffnung / Schließung,,,,,,
"Kirchmauer
",3,Öffnung / Schließung,,,,,,
"Haupteingang
",3,Öffnung / Schließung,,,,,,
"Hintritt
",3,Öffnung / Schließung,,,,,,
"offenen Balkontür
",3,Öffnung / Schließung,,,,,,
"Grenzlinie
",3,Öffnung / Schließung,,,,,,
"Treppenabsatz
",3,Öffnung / Schließung,,,,,,
"Gartenthüre
",3,Öffnung / Schließung,,,,,,
"Glaswand
",3,Öffnung / Schließung,,,,,,
"Zelteingang
",3,Öffnung / Schließung,,,,,,
"Fensterkitt
",3,Öffnung / Schließung,,,,,,
"Trennwand
",3,Öffnung / Schließung,,,,,,
"gesperrt
",3,Öffnung / Schließung,,,,,,
"Grenzübergang
",3,Öffnung / Schließung,,,,,,
"Haustüre
",3,Öffnung / Schließung,,,,,,
"Fenstergesims
",3,Öffnung / Schließung,,,,,,
"Wandelgang
",3,Öffnung / Schließung,,,,,,
"Eichentür
",3,Öffnung / Schließung,,,,,,
"Treppenlift
",3,Öffnung / Schließung,,,,,,
"Flügelthür
",3,Öffnung / Schließung,,,,,,
"Türe geschlossen
",3,Öffnung / Schließung,,,,,,
"Treppauf-Treppab
",3,Öffnung / Schließung,,,,,,
"Grenzübertritt
",3,Öffnung / Schließung,,,,,,
"Nebenthür
",3,Öffnung / Schließung,,,,,,
"Gittertür
",3,Öffnung / Schließung,,,,,,
"Fensterlein
",3,Öffnung / Schließung,,,,,,
"Türschwelle
",3,Öffnung / Schließung,,,,,,
"Türen offen
",3,Öffnung / Schließung,,,,,,
"Kellertreppe
",3,Öffnung / Schließung,,,,,,
"Thüren geöffnet
",3,Öffnung / Schließung,,,,,,
"öffnend
",3,Öffnung / Schließung,,,,,,
"öffnest
",3,Öffnung / Schließung,,,,,,
"Hofthür
",3,Öffnung / Schließung,,,,,,
"Kirchtüre
",3,Öffnung / Schließung,,,,,,
"offenen Thüren
",3,Öffnung / Schließung,,,,,,
"Fensterstock
",3,Öffnung / Schließung,,,,,,
"Felsenschlucht
",3,Öffnung / Schließung,,,,,,
"Holztreppe
",3,Öffnung / Schließung,,,,,,
"Absperrung
",3,Öffnung / Schließung,,,,,,
"verschlossene Thür
",3,Öffnung / Schließung,,,,,,
"Waldschlucht
",3,Öffnung / Schließung,,,,,,
"Torfloch
",3,Öffnung / Schließung,,,,,,
"verschlossene Tür
",3,Öffnung / Schließung,,,,,,
"Treppengeländers
",3,Öffnung / Schließung,,,,,,
"Trennungen
",3,Öffnung / Schließung,,,,,,
"Türen geöffnet
",3,Öffnung / Schließung,,,,,,
"Felsenmauer
",3,Öffnung / Schließung,,,,,,
"Fensterplatz
",3,Öffnung / Schließung,,,,,,
"Wagenthür
",3,Öffnung / Schließung,,,,,,
"Zimmerthür
",3,Öffnung / Schließung,,,,,,
"Fensterfront
",3,Öffnung / Schließung,,,,,,
"Gartentüre
",3,Öffnung / Schließung,,,,,,
"geöffneten Thür
",3,Öffnung / Schließung,,,,,,
"Toren
",3,Öffnung / Schließung,,,,,,
"Hindernisses
",2,Öffnung / Schließung,,,,,,
"Wagentüre
",2,Öffnung / Schließung,,,,,,
"verschlossenen Thüren
",2,Öffnung / Schließung,,,,,,
"Autoschlüssel
",2,Öffnung / Schließung,,,,,,
"geschossen
",2,Öffnung / Schließung,,,,,,
"Wandung
",2,Öffnung / Schließung,,,,,,
"Bustür
",2,Öffnung / Schließung,,,,,,
"Mauerloch
",2,Öffnung / Schließung,,,,,,
"offene Türe
",2,Öffnung / Schließung,,,,,,
"Felsengang
",2,Öffnung / Schließung,,,,,,
"Rückenfenster
",2,Öffnung / Schließung,,,,,,
"Einstieg
",2,Öffnung / Schließung,,,,,,
"Grenzverrückung
",2,Öffnung / Schließung,,,,,,
"Brückentor
",2,Öffnung / Schließung,,,,,,
"Thor öffnete
",2,Öffnung / Schließung,,,,,,
"geöffnete Türen
",2,Öffnung / Schließung,,,,,,
"Felsenabhang
",2,Öffnung / Schließung,,,,,,
"Tür!
",2,Öffnung / Schließung,,,,,,
"Thor-Fahrt
",2,Öffnung / Schließung,,,,,,
"Kammerthüre
",2,Öffnung / Schließung,,,,,,
"Geheimtür
",2,Öffnung / Schließung,,,,,,
"geschlossene Tür
",2,Öffnung / Schließung,,,,,,
"Gartengitter
",2,Öffnung / Schließung,,,,,,
"Vorhängeschloß
",2,Öffnung / Schließung,,,,,,
"öffnenden Tür
",2,Öffnung / Schließung,,,,,,
"Treppchen
",2,Öffnung / Schließung,,,,,,
"Scheibe
",2,Öffnung / Schließung,,,,,,
"Brüstung
",2,Öffnung / Schließung,,,,,,
"Torflügel
",2,Öffnung / Schließung,,,,,,
"Schiffstreppe
",2,Öffnung / Schließung,,,,,,
"Zellentür
",2,Öffnung / Schließung,,,,,,
"Tor geschlossen
",2,Öffnung / Schließung,,,,,,
"Fenster öffnet
",2,Öffnung / Schließung,,,,,,
"Tor öffnete
",2,Öffnung / Schließung,,,,,,
"Treppenschacht
",2,Öffnung / Schließung,,,,,,
"Fensterwand
",2,Öffnung / Schließung,,,,,,
"Thür schloß
",2,Öffnung / Schließung,,,,,,
"Gottsackertür
",2,Öffnung / Schließung,,,,,,
"Fensterreihen
",2,Öffnung / Schließung,,,,,,
"Thür öffnet
",2,Öffnung / Schließung,,,,,,
"Türenklappen
",2,Öffnung / Schließung,,,,,,
"Fenstergardine
",2,Öffnung / Schließung,,,,,,
"Flurtür
",2,Öffnung / Schließung,,,,,,
"offene Tor
",2,Öffnung / Schließung,,,,,,
"Felsenhang
",2,Öffnung / Schließung,,,,,,
"Felsweg
",2,Öffnung / Schließung,,,,,,
"Türspion
",2,Öffnung / Schließung,,,,,,
"Vordringen
",2,Öffnung / Schließung,,,,,,
"Außgang
",2,Öffnung / Schließung,,,,,,
"Mauerpforte
",2,Öffnung / Schließung,,,,,,
"geschlossene Thür
",2,Öffnung / Schließung,,,,,,
"Fenstergeländer
",2,Öffnung / Schließung,,,,,,
"Thore geschlossen
",2,Öffnung / Schließung,,,,,,
"Himmelstür
",2,Öffnung / Schließung,,,,,,
"Kerkerwand
",2,Öffnung / Schließung,,,,,,
"Türloch
",2,Öffnung / Schließung,,,,,,
"offenem
",2,Öffnung / Schließung,,,,,,
"offenen Sarg
",2,Öffnung / Schließung,,,,,,
"Metalltür
",2,Öffnung / Schließung,,,,,,
"Saaltür
",2,Öffnung / Schließung,,,,,,
"Nebentür
",2,Öffnung / Schließung,,,,,,
"Kirchenthür
",2,Öffnung / Schließung,,,,,,
"Fensterpfosten
",2,Öffnung / Schließung,,,,,,
"Eingangstor
",2,Öffnung / Schließung,,,,,,
"Felsens
",2,Öffnung / Schließung,,,,,,
"geschlossene Türen
",2,Öffnung / Schließung,,,,,,
"Einschränkung
",2,Öffnung / Schließung,,,,,,
"Einbruch
",2,Öffnung / Schließung,,,,,,
"verschlossenen Türen
",2,Öffnung / Schließung,,,,,,
"Saalthüre
",2,Öffnung / Schließung,,,,,,
"Türe offen
",2,Öffnung / Schließung,,,,,,
"Hintertüren
",2,Öffnung / Schließung,,,,,,
"Felsen-Mauern
",2,Öffnung / Schließung,,,,,,
"Türsturz
",2,Öffnung / Schließung,,,,,,
"Zimmerflucht
",2,Öffnung / Schließung,,,,,,
"Hintereingang
",2,Öffnung / Schließung,,,,,,
"Grenzfestung
",2,Öffnung / Schließung,,,,,,
"offene Hausthür
",2,Öffnung / Schließung,,,,,,
"geöffnete Thüre
",2,Öffnung / Schließung,,,,,,
"Türen verschlossen
",2,Öffnung / Schließung,,,,,,
"Türlein
",2,Öffnung / Schließung,,,,,,
"geöffnetes
",2,Öffnung / Schließung,,,,,,
"Gartenpforte öffnete
",2,Öffnung / Schließung,,,,,,
"Zellenfenster
",2,Öffnung / Schließung,,,,,,
"Tapetentür
",2,Öffnung / Schließung,,,,,,
"Fensterbänke
",2,Öffnung / Schließung,,,,,,
"Tor öffnet
",2,Öffnung / Schließung,,,,,,
"Gartenmauern
",2,Öffnung / Schließung,,,,,,
"Fahrradschloss
",2,Öffnung / Schließung,,,,,,
"geschlossenen Tür
",2,Öffnung / Schließung,,,,,,
"Glasthüre
",2,Öffnung / Schließung,,,,,,
"Tapetenthüre
",2,Öffnung / Schließung,,,,,,
"Fensterluken
",2,Öffnung / Schließung,,,,,,
"geöffnete Thor
",2,Öffnung / Schließung,,,,,,
"Tür öffnen
",2,Öffnung / Schließung,,,,,,
"Fensterloch
",2,Öffnung / Schließung,,,,,,
"Öffne
",2,Öffnung / Schließung,,,,,,
"Jalousien
",2,Öffnung / Schließung,,,,,,
"Granitwand
",2,Öffnung / Schließung,,,,,,
"Türknauf
",2,Öffnung / Schließung,,,,,,
"Tore geöffnet
",2,Öffnung / Schließung,,,,,,
"offenen Sarge
",2,Öffnung / Schließung,,,,,,
"Einganges
",2,Öffnung / Schließung,,,,,,
"Grabens
",2,Öffnung / Schließung,,,,,,
"schließt
",2,Öffnung / Schließung,,,,,,
"Klotür
",2,Öffnung / Schließung,,,,,,
"geöffneten Fensters
",2,Öffnung / Schließung,,,,,,
"Zufahrtssteg
",2,Öffnung / Schließung,,,,,,
"Tür schloss
",2,Öffnung / Schließung,,,,,,
"Öffnete
",2,Öffnung / Schließung,,,,,,
"Treppenabgang
",2,Öffnung / Schließung,,,,,,
"Türschloß
",2,Öffnung / Schließung,,,,,,
"offene Türen
",2,Öffnung / Schließung,,,,,,
"Cafétür
",2,Öffnung / Schließung,,,,,,
"Tresortür
",2,Öffnung / Schließung,,,,,,
"Vordereingang
",2,Öffnung / Schließung,,,,,,
"Vorhanges
",2,Öffnung / Schließung,,,,,,
"Stuben-Thür
",2,Öffnung / Schließung,,,,,,
"Außenwand
",2,Öffnung / Schließung,,,,,,
"Kellerthür
",2,Öffnung / Schließung,,,,,,
"Fensterhöhlung
",2,Öffnung / Schließung,,,,,,
"Hauß-Thür
",2,Öffnung / Schließung,,,,,,
"Türe geöffnet
",2,Öffnung / Schließung,,,,,,
"Hauptthür
",2,Öffnung / Schließung,,,,,,
"Ausweg öffnen
",1,Öffnung / Schließung,,,,,,
"Terrassentüren
",1,Öffnung / Schließung,,,,,,
"offen Fenster
",1,Öffnung / Schließung,,,,,,
"Fensterwinkels
",1,Öffnung / Schließung,,,,,,
"offenen Feldschlacht
",1,Öffnung / Schließung,,,,,,
"geschlossenen Haustür
",1,Öffnung / Schließung,,,,,,
"Hinauf-Fahrt
",1,Öffnung / Schließung,,,,,,
"Grottentür
",1,Öffnung / Schließung,,,,,,
"Nebenlaubengang
",1,Öffnung / Schließung,,,,,,
"Fensterbehänge
",1,Öffnung / Schließung,,,,,,
"Thoren
",1,Öffnung / Schließung,,,,,,
"Fensterbretter
",1,Öffnung / Schließung,,,,,,
"Treppenhause
",1,Öffnung / Schließung,,,,,,
"Durchgang frei
",1,Öffnung / Schließung,,,,,,
"geschlossenen Fensterläden
",1,Öffnung / Schließung,,,,,,
"Grenzerfahrung
",1,Öffnung / Schließung,,,,,,
"Thürvorsprungs
",1,Öffnung / Schließung,,,,,,
"Türchens
",1,Öffnung / Schließung,,,,,,
"Tür Posto
",1,Öffnung / Schließung,,,,,,
"Fensterhülle
",1,Öffnung / Schließung,,,,,,
"Eingangsthor
",1,Öffnung / Schließung,,,,,,
"Henneweg
",1,Öffnung / Schließung,,,,,,
"geöffneten Thüre
",1,Öffnung / Schließung,,,,,,
"Treppauf-Treppabjagen
",1,Öffnung / Schließung,,,,,,
"Thüre öffnet
",1,Öffnung / Schließung,,,,,,
"Fersengang
",1,Öffnung / Schließung,,,,,,
"Mauerdurchbruch
",1,Öffnung / Schließung,,,,,,
"Grenzsteine
",1,Öffnung / Schließung,,,,,,
"Fensterrose
",1,Öffnung / Schließung,,,,,,
"Mauertrümmern
",1,Öffnung / Schließung,,,,,,
"offenstehenden
",1,Öffnung / Schließung,,,,,,
"geöffneten Tor
",1,Öffnung / Schließung,,,,,,
"Waggontür
",1,Öffnung / Schließung,,,,,,
"Schiebethür
",1,Öffnung / Schließung,,,,,,
"Fensterwinkel
",1,Öffnung / Schließung,,,,,,
"offenstanden
",1,Öffnung / Schließung,,,,,,
"offnen Fenstern
",1,Öffnung / Schließung,,,,,,
"Scheunentür
",1,Öffnung / Schließung,,,,,,
"Vorhange
",1,Öffnung / Schließung,,,,,,
"Fenstr
",1,Öffnung / Schließung,,,,,,
"Eintrittstür
",1,Öffnung / Schließung,,,,,,
"Haustüren
",1,Öffnung / Schließung,,,,,,
"Tore öffnete
",1,Öffnung / Schließung,,,,,,
"Stubenthür geöffnet
",1,Öffnung / Schließung,,,,,,
"Mauerpfeiler
",1,Öffnung / Schließung,,,,,,
"magische Tür
",1,Öffnung / Schließung,,,,,,
"Bau
",1,Öffnung / Schließung,,,,,,
"Mauerlücke
",1,Öffnung / Schließung,,,,,,
"Türe schloß
",1,Öffnung / Schließung,,,,,,
"offenen Stalltür
",1,Öffnung / Schließung,,,,,,
"Maueröffnung
",1,Öffnung / Schließung,,,,,,
"offenstehn
",1,Öffnung / Schließung,,,,,,
"Kammer-Thür
",1,Öffnung / Schließung,,,,,,
"Tuchtür
",1,Öffnung / Schließung,,,,,,
"offene Eingangshalle
",1,Öffnung / Schließung,,,,,,
"Korridortür geöffnet
",1,Öffnung / Schließung,,,,,,
"Zubau
",1,Öffnung / Schließung,,,,,,
"Fensterluke geöffnet
",1,Öffnung / Schließung,,,,,,
"Treppensturmlaufen
",1,Öffnung / Schließung,,,,,,
"Alkoventhür
",1,Öffnung / Schließung,,,,,,
"geschlossenen Eingang
",1,Öffnung / Schließung,,,,,,
"Gränzen
",1,Öffnung / Schließung,,,,,,
"Fahrradschlüssel
",1,Öffnung / Schließung,,,,,,
"Treppengang
",1,Öffnung / Schließung,,,,,,
"geschlossenen Türen
",1,Öffnung / Schließung,,,,,,
"Türangeln
",1,Öffnung / Schließung,,,,,,
"Grenzburg
",1,Öffnung / Schließung,,,,,,
"Bretterwand
",1,Öffnung / Schließung,,,,,,
"geschlossenen Vorhang
",1,Öffnung / Schließung,,,,,,
"Schattentür
",1,Öffnung / Schließung,,,,,,
"Widumstür
",1,Öffnung / Schließung,,,,,,
"Altantür
",1,Öffnung / Schließung,,,,,,
"Fensterküste
",1,Öffnung / Schließung,,,,,,
"Fensterflächen
",1,Öffnung / Schließung,,,,,,
"Mitteltür
",1,Öffnung / Schließung,,,,,,
"Gartenthür offen
",1,Öffnung / Schließung,,,,,,
"Flurtüre
",1,Öffnung / Schließung,,,,,,
"Zimmerwand
",1,Öffnung / Schließung,,,,,,
"Felsen-Höhe
",1,Öffnung / Schließung,,,,,,
"Thüre verschlossen
",1,Öffnung / Schließung,,,,,,
"Türbehänge
",1,Öffnung / Schließung,,,,,,
"offenen Mauerpförtchen
",1,Öffnung / Schließung,,,,,,
"Gartenzauns
",1,Öffnung / Schließung,,,,,,
"Treppenlifts
",1,Öffnung / Schließung,,,,,,
"Hinterpforte geöfnet
",1,Öffnung / Schließung,,,,,,
"Kucheltür
",1,Öffnung / Schließung,,,,,,
"offenen Streit
",1,Öffnung / Schließung,,,,,,
"Kirchturmmauer
",1,Öffnung / Schließung,,,,,,
"Klassenzimmertür
",1,Öffnung / Schließung,,,,,,
"Fenstersitz
",1,Öffnung / Schließung,,,,,,
"Tapetenwand
",1,Öffnung / Schließung,,,,,,
"Toreinfahrt öffnet
",1,Öffnung / Schließung,,,,,,
"Heckengang
",1,Öffnung / Schließung,,,,,,
"Wohnungstür öffne
",1,Öffnung / Schließung,,,,,,
"Öffnungszeiten
",1,Öffnung / Schließung,,,,,,
"offenstehenden Fenster
",1,Öffnung / Schließung,,,,,,
"Holzzaun
",1,Öffnung / Schließung,,,,,,
"Thüre öfnete
",1,Öffnung / Schließung,,,,,,
"Zufahrtsweg
",1,Öffnung / Schließung,,,,,,
"Wänden geschlossen
",1,Öffnung / Schließung,,,,,,
"Fahrertür
",1,Öffnung / Schließung,,,,,,
"Rückfenster
",1,Öffnung / Schließung,,,,,,
"Fensterleder
",1,Öffnung / Schließung,,,,,,
"Wagenrädern
",1,Öffnung / Schließung,,,,,,
"Türenschlagen
",1,Öffnung / Schließung,,,,,,
"Vorhang öffnete
",1,Öffnung / Schließung,,,,,,
"Fensterschloß
",1,Öffnung / Schließung,,,,,,
"offenen Küchentür
",1,Öffnung / Schließung,,,,,,
"Zaune
",1,Öffnung / Schließung,,,,,,
"Fenstervorhängen
",1,Öffnung / Schließung,,,,,,
"Öffnungen
",1,Öffnung / Schließung,,,,,,
"Thür Abschied
",1,Öffnung / Schließung,,,,,,
"spaltbreit offen
",1,Öffnung / Schließung,,,,,,
"Fensterpromenaden
",1,Öffnung / Schließung,,,,,,
"Eingänge
",1,Öffnung / Schließung,,,,,,
"Kabinettüre öffnete
",1,Öffnung / Schließung,,,,,,
"Treppendiele
",1,Öffnung / Schließung,,,,,,
"Fensterstok
",1,Öffnung / Schließung,,,,,,
"geöffnete Damastvorhänge
",1,Öffnung / Schließung,,,,,,
"Türgemälde
",1,Öffnung / Schließung,,,,,,
"Schlossmauer
",1,Öffnung / Schließung,,,,,,
"Vorzimmerthür
",1,Öffnung / Schließung,,,,,,
"verschlossenen
",1,Öffnung / Schließung,,,,,,
"Wagenverdeck
",1,Öffnung / Schließung,,,,,,
"Fenster Grünröcke
",1,Öffnung / Schließung,,,,,,
"Tore geschlossen
",1,Öffnung / Schließung,,,,,,
"Balustrade
",1,Öffnung / Schließung,,,,,,
"unbegrenzten
",1,Öffnung / Schließung,,,,,,
"Buschwand
",1,Öffnung / Schließung,,,,,,
"Vorder-Thüren
",1,Öffnung / Schließung,,,,,,
"Kletterwand
",1,Öffnung / Schließung,,,,,,
"Krökentor
",1,Öffnung / Schließung,,,,,,
"Tür frei
",1,Öffnung / Schließung,,,,,,
"offenen Ziegelherd
",1,Öffnung / Schließung,,,,,,
"Tür auf
",1,Öffnung / Schließung,,,,,,
"Gebirgswand
",1,Öffnung / Schließung,,,,,,
"Fensterladen geöffnet
",1,Öffnung / Schließung,,,,,,
"Fensterflügeln
",1,Öffnung / Schließung,,,,,,
"Korridortür
",1,Öffnung / Schließung,,,,,,
"Thür geöfnet
",1,Öffnung / Schließung,,,,,,
"Grenzverschanzung
",1,Öffnung / Schließung,,,,,,
"Treppenhäuser
",1,Öffnung / Schließung,,,,,,
"geschlossenen Thür
",1,Öffnung / Schließung,,,,,,
"Thor offen
",1,Öffnung / Schließung,,,,,,
"Türmchen
",1,Öffnung / Schließung,,,,,,
"Thürgriff
",1,Öffnung / Schließung,,,,,,
"Felsenburg
",1,Öffnung / Schließung,,,,,,
"geöffnete Haustür
",1,Öffnung / Schließung,,,,,,
"offenen Abschlag
",1,Öffnung / Schließung,,,,,,
"Fensterputzer
",1,Öffnung / Schließung,,,,,,
"Ausgangstor
",1,Öffnung / Schließung,,,,,,
"Fensterblumen
",1,Öffnung / Schließung,,,,,,
"Türschließen
",1,Öffnung / Schließung,,,,,,
"Haustür geöffnet
",1,Öffnung / Schließung,,,,,,
"Türflügeln
",1,Öffnung / Schließung,,,,,,
"geschlossene Eingangstür
",1,Öffnung / Schließung,,,,,,
"Trancheeweg
",1,Öffnung / Schließung,,,,,,
"offenes Tor
",1,Öffnung / Schließung,,,,,,
"Fenster-Eis
",1,Öffnung / Schließung,,,,,,
"Scheideweg
",1,Öffnung / Schließung,,,,,,
"Gegatter
",1,Öffnung / Schließung,,,,,,
"Kalkwand
",1,Öffnung / Schließung,,,,,,
"geschlossenen Vorhängen
",1,Öffnung / Schließung,,,,,,
"Nebeneingang
",1,Öffnung / Schließung,,,,,,
"Treppenhausbeleuchtung
",1,Öffnung / Schließung,,,,,,
"freien Einzug
",1,Öffnung / Schließung,,,,,,
"halboffnen Tür
",1,Öffnung / Schließung,,,,,,
"Seiten-Thür
",1,Öffnung / Schließung,,,,,,
"Himmeltür
",1,Öffnung / Schließung,,,,,,
"Türenöffnen
",1,Öffnung / Schließung,,,,,,
"Wagenplane
",1,Öffnung / Schließung,,,,,,
"Hausthüren
",1,Öffnung / Schließung,,,,,,
"Zugang öffnen
",1,Öffnung / Schließung,,,,,,
"Fensterzug
",1,Öffnung / Schließung,,,,,,
"Autotüren
",1,Öffnung / Schließung,,,,,,
"Fensterfronten
",1,Öffnung / Schließung,,,,,,
"offenen Flügelthür
",1,Öffnung / Schließung,,,,,,
"Treppenhauslicht
",1,Öffnung / Schließung,,,,,,
"Thüre verriegelte
",1,Öffnung / Schließung,,,,,,
"Haustürschloss
",1,Öffnung / Schließung,,,,,,
"verschlossenen Thür
",1,Öffnung / Schließung,,,,,,
"Gittertüren
",1,Öffnung / Schließung,,,,,,
"Mauerkrönung
",1,Öffnung / Schließung,,,,,,
"Feuermauer
",1,Öffnung / Schließung,,,,,,
"Bürotür öffnete
",1,Öffnung / Schließung,,,,,,
"eingeschlossene
",1,Öffnung / Schließung,,,,,,
"Felsen-Gang
",1,Öffnung / Schließung,,,,,,
"offene Waggontür
",1,Öffnung / Schließung,,,,,,
"verschloßnen
",1,Öffnung / Schließung,,,,,,
"Türangel
",1,Öffnung / Schließung,,,,,,
"Stufengang
",1,Öffnung / Schließung,,,,,,
"eröffnete
",1,Öffnung / Schließung,,,,,,
"Thüre offen
",1,Öffnung / Schließung,,,,,,
"Haustreppe
",1,Öffnung / Schließung,,,,,,
"offenen Güterwagen
",1,Öffnung / Schließung,,,,,,
"offenen Fenze
",1,Öffnung / Schließung,,,,,,
"Hintermauer
",1,Öffnung / Schließung,,,,,,
"Felsenspalt
",1,Öffnung / Schließung,,,,,,
"Grenzhügel
",1,Öffnung / Schließung,,,,,,
"geöffnete Fenster offen
",1,Öffnung / Schließung,,,,,,
"Saaltür öffnete
",1,Öffnung / Schließung,,,,,,
"Türinnere
",1,Öffnung / Schließung,,,,,,
"Gitterzaun
",1,Öffnung / Schließung,,,,,,
"Hausfront
",1,Öffnung / Schließung,,,,,,
"Tore frei
",1,Öffnung / Schließung,,,,,,
"Fensterhebel
",1,Öffnung / Schließung,,,,,,
"Fensterfugen
",1,Öffnung / Schließung,,,,,,
"Zollausgang
",1,Öffnung / Schließung,,,,,,
"Wagenwinde
",1,Öffnung / Schließung,,,,,,
"Ausladung
",1,Öffnung / Schließung,,,,,,
"Türmlein
",1,Öffnung / Schließung,,,,,,
"Türglocke
",1,Öffnung / Schließung,,,,,,
"offenen Thüre
",1,Öffnung / Schließung,,,,,,
"öffnete Opheliens Thür
",1,Öffnung / Schließung,,,,,,
"Wandtäfelung
",1,Öffnung / Schließung,,,,,,
"Hausumzug
",1,Öffnung / Schließung,,,,,,
"Treppenthüre
",1,Öffnung / Schließung,,,,,,
"offenen Fensters
",1,Öffnung / Schließung,,,,,,
"Abschließen
",1,Öffnung / Schließung,,,,,,
"Tür offenstand
",1,Öffnung / Schließung,,,,,,
"Treppengiebeln
",1,Öffnung / Schließung,,,,,,
"geöffneten Schiebefenster
",1,Öffnung / Schließung,,,,,,
"geschlossene Fenster
",1,Öffnung / Schließung,,,,,,
"Grenzziehung
",1,Öffnung / Schließung,,,,,,
"offenen Hofthore
",1,Öffnung / Schließung,,,,,,
"Fenster-Flora
",1,Öffnung / Schließung,,,,,,
"geöffnetes Fenster
",1,Öffnung / Schließung,,,,,,
"Ausfall geöffneten Thore
",1,Öffnung / Schließung,,,,,,
"verschlossenen Türe
",1,Öffnung / Schließung,,,,,,
"Haustür offen
",1,Öffnung / Schließung,,,,,,
"fensterlosen
",1,Öffnung / Schließung,,,,,,
"Notausgangstür geöffnet
",1,Öffnung / Schließung,,,,,,
"verschloß
",1,Öffnung / Schließung,,,,,,
"Torgemäuer
",1,Öffnung / Schließung,,,,,,
"Fensterriegel
",1,Öffnung / Schließung,,,,,,
"offenen Torhalle
",1,Öffnung / Schließung,,,,,,
"Ausweg offen
",1,Öffnung / Schließung,,,,,,
"geöffneten Türe
",1,Öffnung / Schließung,,,,,,
"Thores
",1,Öffnung / Schließung,,,,,,
"Erkerfenster
",1,Öffnung / Schließung,,,,,,
"Türe öffnen
",1,Öffnung / Schließung,,,,,,
"Mauerklause
",1,Öffnung / Schließung,,,,,,
"Thore öffnen
",1,Öffnung / Schließung,,,,,,
"geöffneten Holztür
",1,Öffnung / Schließung,,,,,,
"Seiteneingang
",1,Öffnung / Schließung,,,,,,
"Aussenbleiben
",1,Öffnung / Schließung,,,,,,
"Wardeinschen Tür
",1,Öffnung / Schließung,,,,,,
"Felsenaufgang
",1,Öffnung / Schließung,,,,,,
"öffnenden Thür
",1,Öffnung / Schließung,,,,,,
"Zauntür
",1,Öffnung / Schließung,,,,,,
"offene Kammertüre
",1,Öffnung / Schließung,,,,,,
"Kabinentür
",1,Öffnung / Schließung,,,,,,
"Fenster-Stäben
",1,Öffnung / Schließung,,,,,,
"geöffnete Küchentür
",1,Öffnung / Schließung,,,,,,
"Hausthüre öffnete
",1,Öffnung / Schließung,,,,,,
"Felsenweg
",1,Öffnung / Schließung,,,,,,
"geöffneten Reisemantels
",1,Öffnung / Schließung,,,,,,
"Festungsmauer
",1,Öffnung / Schließung,,,,,,
"Balkonthüre
",1,Öffnung / Schließung,,,,,,
"Türe öffnete
",1,Öffnung / Schließung,,,,,,
"Felsenpforte
",1,Öffnung / Schließung,,,,,,
"Türbehang
",1,Öffnung / Schließung,,,,,,
"Holzweg
",1,Öffnung / Schließung,,,,,,
"Stufe
",1,Öffnung / Schließung,,,,,,
"geöffneter Tür
",1,Öffnung / Schließung,,,,,,
"Türenexperte
",1,Öffnung / Schließung,,,,,,
"Festungsmauern
",1,Öffnung / Schließung,,,,,,
"Türen geschlossen
",1,Öffnung / Schließung,,,,,,
"Fensterseite
",1,Öffnung / Schließung,,,,,,
"Scheißtür
",1,Öffnung / Schließung,,,,,,
"Kirchthür
",1,Öffnung / Schließung,,,,,,
"geschlossenen Wagen
",1,Öffnung / Schließung,,,,,,
"Wagen unterwegs
",1,Öffnung / Schließung,,,,,,
"Grenzbahnhöfen
",1,Öffnung / Schließung,,,,,,
"Wagenkante
",1,Öffnung / Schließung,,,,,,
"Waldmauern
",1,Öffnung / Schließung,,,,,,
"Fensterschnur
",1,Öffnung / Schließung,,,,,,
"Treppengebälk
",1,Öffnung / Schließung,,,,,,
"Fenstersimses
",1,Öffnung / Schließung,,,,,,
"offnen Verbindungstür
",1,Öffnung / Schließung,,,,,,
"Fensterausschnitt
",1,Öffnung / Schließung,,,,,,
"Treppenvorsprung
",1,Öffnung / Schließung,,,,,,
"Holzdrehtür
",1,Öffnung / Schließung,,,,,,
"freyen Zutritt
",1,Öffnung / Schließung,,,,,,
"Grenzfluß
",1,Öffnung / Schließung,,,,,,
"Toilettenfenster
",1,Öffnung / Schließung,,,,,,
"Grenzrain
",1,Öffnung / Schließung,,,,,,
"Treppenverschlag
",1,Öffnung / Schließung,,,,,,
"Schiebtür
",1,Öffnung / Schließung,,,,,,
"Tores geöffnet
",1,Öffnung / Schließung,,,,,,
"geschlossenen Thüren
",1,Öffnung / Schließung,,,,,,
"Verbindungsthüren
",1,Öffnung / Schließung,,,,,,
"offenstehende
",1,Öffnung / Schließung,,,,,,
"Türgerüste
",1,Öffnung / Schließung,,,,,,
"geöffnete Zimmertür
",1,Öffnung / Schließung,,,,,,
"Hinfahrt
",1,Öffnung / Schließung,,,,,,
"Fensterladen geschlossen
",1,Öffnung / Schließung,,,,,,
"Hausthür öffnete
",1,Öffnung / Schließung,,,,,,
"Portiere offen
",1,Öffnung / Schließung,,,,,,
"Tor gesperrt
",1,Öffnung / Schließung,,,,,,
"Türenproblem
",1,Öffnung / Schließung,,,,,,
"Festungswerke
",1,Öffnung / Schließung,,,,,,
"Pforten-Thür
",1,Öffnung / Schließung,,,,,,
"Gitterthor
",1,Öffnung / Schließung,,,,,,
"Mauer geschlagenes Tor
",1,Öffnung / Schließung,,,,,,
"Boot offenen
",1,Öffnung / Schließung,,,,,,
"Schiebetüren
",1,Öffnung / Schließung,,,,,,
"Kammer-Fenster
",1,Öffnung / Schließung,,,,,,
"geöfneten Thür
",1,Öffnung / Schließung,,,,,,
"geschlossener Tür
",1,Öffnung / Schließung,,,,,,
"Felsenschacht
",1,Öffnung / Schließung,,,,,,
"geöffneten Fallgitter
",1,Öffnung / Schließung,,,,,,
"offene Verschläge
",1,Öffnung / Schließung,,,,,,
"Hinter-Thür geöffnet
",1,Öffnung / Schließung,,,,,,
"Türpfosten
",1,Öffnung / Schließung,,,,,,
"Torpforte
",1,Öffnung / Schließung,,,,,,
"offene Fahrertür
",1,Öffnung / Schließung,,,,,,
"Ausstellungseröffnung
",1,Öffnung / Schließung,,,,,,
"halboffene Tür
",1,Öffnung / Schließung,,,,,,
"Thüren öffneten
",1,Öffnung / Schließung,,,,,,
"offene Fahrt
",1,Öffnung / Schließung,,,,,,
"Ausgang offen
",1,Öffnung / Schließung,,,,,,
"Wänd
",1,Öffnung / Schließung,,,,,,
"Erwins Tür
",1,Öffnung / Schließung,,,,,,
"Tühr
",1,Öffnung / Schließung,,,,,,
"Waldeingang
",1,Öffnung / Schließung,,,,,,
"verhangene Fenster
",1,Öffnung / Schließung,,,,,,
"Thüre öffnend
",1,Öffnung / Schließung,,,,,,
"Fensterkurbel
",1,Öffnung / Schließung,,,,,,
"offene Verandatür
",1,Öffnung / Schließung,,,,,,
"Treppenschachtes
",1,Öffnung / Schließung,,,,,,
"Erdwand
",1,Öffnung / Schließung,,,,,,
"Toilettentür geschlossen
",1,Öffnung / Schließung,,,,,,
"Treppensteigen
",1,Öffnung / Schließung,,,,,,
"Fenster-Löcher
",1,Öffnung / Schließung,,,,,,
"geschlossenen Zug
",1,Öffnung / Schließung,,,,,,
"Ausgeschlossene
",1,Öffnung / Schließung,,,,,,
"einschloss
",1,Öffnung / Schließung,,,,,,
"Mauer grenzt
",1,Öffnung / Schließung,,,,,,
"Maschendrahtzaun
",1,Öffnung / Schließung,,,,,,
"eröffnete Thür
",1,Öffnung / Schließung,,,,,,
"Thüren offen
",1,Öffnung / Schließung,,,,,,
"Fensterkörben
",1,Öffnung / Schließung,,,,,,
"Türverriegelung
",1,Öffnung / Schließung,,,,,,
"verschlossene Türen
",1,Öffnung / Schließung,,,,,,
"Zimmertüre öffnete
",1,Öffnung / Schließung,,,,,,
"Einzäunung
",1,Öffnung / Schließung,,,,,,
"Hildegards Fenster
",1,Öffnung / Schließung,,,,,,
"Türklinken
",1,Öffnung / Schließung,,,,,,
"Fensterladen schloß
",1,Öffnung / Schließung,,,,,,
"Wagenwand
",1,Öffnung / Schließung,,,,,,
"Autofenster
",1,Öffnung / Schließung,,,,,,
"Thüre frei
",1,Öffnung / Schließung,,,,,,
"offenen Gartenpforte
",1,Öffnung / Schließung,,,,,,
"Fensterstab
",1,Öffnung / Schließung,,,,,,
"Türmchens
",1,Öffnung / Schließung,,,,,,
"Fenster-Rahmen
",1,Öffnung / Schließung,,,,,,
"öffnung
",1,Öffnung / Schließung,,,,,,
"Stuffen
",1,Öffnung / Schließung,,,,,,
"Fensterspalten
",1,Öffnung / Schließung,,,,,,
"Stadttor
",1,Öffnung / Schließung,,,,,,
"offnen Kabinettür
",1,Öffnung / Schließung,,,,,,
"geöffneten Schranktür
",1,Öffnung / Schließung,,,,,,
"Ortsausgang
",1,Öffnung / Schließung,,,,,,
"Nebenausgang
",1,Öffnung / Schließung,,,,,,
"Stubentür öffnete
",1,Öffnung / Schließung,,,,,,
"Türklopfen
",1,Öffnung / Schließung,,,,,,
"geschlossenen Kajütentür
",1,Öffnung / Schließung,,,,,,
"Grabenwand
",1,Öffnung / Schließung,,,,,,
"Hineinstarren
",1,Öffnung / Schließung,,,,,,
"offene Hofthor
",1,Öffnung / Schließung,,,,,,
"geöffneten Fenstern
",1,Öffnung / Schließung,,,,,,
"Haustür öffnen
",1,Öffnung / Schließung,,,,,,
"Seitenausgang
",1,Öffnung / Schließung,,,,,,
"Fensterhelle
",1,Öffnung / Schließung,,,,,,
"Fahrstuhlschacht
",1,Öffnung / Schließung,,,,,,
"Hecktür
",1,Öffnung / Schließung,,,,,,
"offene Thüren
",1,Öffnung / Schließung,,,,,,
"Mauerstein
",1,Öffnung / Schließung,,,,,,
"Kabinettür
",1,Öffnung / Schließung,,,,,,
"offenen Fensterhöhlung
",1,Öffnung / Schließung,,,,,,
"Fensterbretts
",1,Öffnung / Schließung,,,,,,
"Grenzpfähle
",1,Öffnung / Schließung,,,,,,
"Tormauer
",1,Öffnung / Schließung,,,,,,
"Grenze schloß
",1,Öffnung / Schließung,,,,,,
"Schloßthore
",1,Öffnung / Schließung,,,,,,
"Felsenstufen
",1,Öffnung / Schließung,,,,,,
"Gittertor
",1,Öffnung / Schließung,,,,,,
"Fenstervertiefungen
",1,Öffnung / Schließung,,,,,,
"Granittreppe
",1,Öffnung / Schließung,,,,,,
"öffnende
",1,Öffnung / Schließung,,,,,,
"Türenspezialisten
",1,Öffnung / Schließung,,,,,,
"Zufahrt
",1,Öffnung / Schließung,,,,,,
"Kreuzweg
",1,Öffnung / Schließung,,,,,,
"Thür eröffnete
",1,Öffnung / Schließung,,,,,,
"Thüre öffneten
",1,Öffnung / Schließung,,,,,,
"Torweg öffnen
",1,Öffnung / Schließung,,,,,,
"Fenstergriffe
",1,Öffnung / Schließung,,,,,,
"Tor öffnen
",1,Öffnung / Schließung,,,,,,
"Türschlitz
",1,Öffnung / Schließung,,,,,,
"Felsenpässe
",1,Öffnung / Schließung,,,,,,
"Tür offenließ
",1,Öffnung / Schließung,,,,,,
"Wagenschlage
",1,Öffnung / Schließung,,,,,,
"Treppenterrasse
",1,Öffnung / Schließung,,,,,,
"offenen Kirchenpforte
",1,Öffnung / Schließung,,,,,,
"offene Stalltür
",1,Öffnung / Schließung,,,,,,
"Fensterspalt
",1,Öffnung / Schließung,,,,,,
"Grenzenlose
",1,Öffnung / Schließung,,,,,,
"Garten-Thür offen
",1,Öffnung / Schließung,,,,,,
"offenen Haustür
",1,Öffnung / Schließung,,,,,,
"offenstehende Türe
",1,Öffnung / Schließung,,,,,,
"offene Fenster gegossene Barren
",1,Öffnung / Schließung,,,,,,
"Gränzen reiste
",1,Öffnung / Schließung,,,,,,
"Fensternlöchern
",1,Öffnung / Schließung,,,,,,
"Entréetür
",1,Öffnung / Schließung,,,,,,
"Fenstertritt
",1,Öffnung / Schließung,,,,,,
"Fensterbrettern
",1,Öffnung / Schließung,,,,,,
"Türglas
",1,Öffnung / Schließung,,,,,,
"offnen Türen
",1,Öffnung / Schließung,,,,,,
"verschlossenen Wagen
",1,Öffnung / Schließung,,,,,,
"offnen Wagen
",1,Öffnung / Schließung,,,,,,
"offene Schiebetür
",1,Öffnung / Schließung,,,,,,
"Trep
",1,Öffnung / Schließung,,,,,,
"Türsteher
",1,Öffnung / Schließung,,,,,,
"Treppenflur geöffnet
",1,Öffnung / Schließung,,,,,,
"Portiere öffnete
",1,Öffnung / Schließung,,,,,,
"Festungspläne
",1,Öffnung / Schließung,,,,,,
"öffnenden Logentür
",1,Öffnung / Schließung,,,,,,
"Mauerglocke
",1,Öffnung / Schließung,,,,,,
"Feldweg
",1,Öffnung / Schließung,,,,,,
"Treppentrakts
",1,Öffnung / Schließung,,,,,,
"Transportweg
",1,Öffnung / Schließung,,,,,,
"Fahrstuhltür
",1,Öffnung / Schließung,,,,,,
"Fuhrweg
",1,Öffnung / Schließung,,,,,,
"Hildens Tür
",1,Öffnung / Schließung,,,,,,
"Wände frei
",1,Öffnung / Schließung,,,,,,
"verschlossene Türe
",1,Öffnung / Schließung,,,,,,
"Türschwellen
",1,Öffnung / Schließung,,,,,,
"Pforte öfnen
",1,Öffnung / Schließung,,,,,,
"Türhüter
",1,Öffnung / Schließung,,,,,,
"Thalwand
",1,Öffnung / Schließung,,,,,,
"Mauersteine
",1,Öffnung / Schließung,,,,,,
"Grenzgebieten
",1,Öffnung / Schließung,,,,,,
"Fensterecken
",1,Öffnung / Schließung,,,,,,
"Grenzmauer
",1,Öffnung / Schließung,,,,,,
"Mauerwand
",1,Öffnung / Schließung,,,,,,
"Serientür
",1,Öffnung / Schließung,,,,,,
"Hausthüre öffnen
",1,Öffnung / Schließung,,,,,,
"offenen Fenster ordnete
",1,Öffnung / Schließung,,,,,,
"Mauertor Einlaß
",1,Öffnung / Schließung,,,,,,
"Gitterwerk
",1,Öffnung / Schließung,,,,,,
"Fensterrouleaus
",1,Öffnung / Schließung,,,,,,
"Zäunen
",1,Öffnung / Schließung,,,,,,
"Glastüre
",1,Öffnung / Schließung,,,,,,
"Hinterausgang
",1,Öffnung / Schließung,,,,,,
"Bahn frei
",1,Öffnung / Schließung,,,,,,
"Mauervorsprünge
",1,Öffnung / Schließung,,,,,,
"freigeräumten
",1,Öffnung / Schließung,,,,,,
"Kirch-Thüren
",1,Öffnung / Schließung,,,,,,
"geöffneten Abgrund
",1,Öffnung / Schließung,,,,,,
"Ausgangstür
",1,Öffnung / Schließung,,,,,,
"Treppenhausfenster
",1,Öffnung / Schließung,,,,,,
"geöffnete Glasthür
",1,Öffnung / Schließung,,,,,,
"Scheunenthür
",1,Öffnung / Schließung,,,,,,
"verschlossene Thüren
",1,Öffnung / Schließung,,,,,,
"Lees Tür
",1,Öffnung / Schließung,,,,,,
"Audienz-Thüre
",1,Öffnung / Schließung,,,,,,
"geschlossenen Thor
",1,Öffnung / Schließung,,,,,,
"Treppenbalustrade
",1,Öffnung / Schließung,,,,,,
"Mauerwerck
",1,Öffnung / Schließung,,,,,,
"Treppenflur
",1,Öffnung / Schließung,,,,,,
"offne Tür
",1,Öffnung / Schließung,,,,,,
"geöffneten Tür
",1,Öffnung / Schließung,,,,,,
"Hausthüre geöffnet
",1,Öffnung / Schließung,,,,,,
"Glastür geöffnet
",1,Öffnung / Schließung,,,,,,
"Thore schloß
",1,Öffnung / Schließung,,,,,,
"Kristallwand
",1,Öffnung / Schließung,,,,,,
"Fensterstäbe
",1,Öffnung / Schließung,,,,,,
"Eingangs-Thür
",1,Öffnung / Schließung,,,,,,
"Trepplein
",1,Öffnung / Schließung,,,,,,
"Haustür  geschlossen
",1,Öffnung / Schließung,,,,,,
"Haupttür geöffnet
",1,Öffnung / Schließung,,,,,,
"Gartenthor
",1,Öffnung / Schließung,,,,,,
"Türwächter
",1,Öffnung / Schließung,,,,,,
"Stubenthür öffnete
",1,Öffnung / Schließung,,,,,,
"Mauerpförtchen
",1,Öffnung / Schließung,,,,,,
"Mauerseite
",1,Öffnung / Schließung,,,,,,
"Felsenbrückc
",1,Öffnung / Schließung,,,,,,
"Kellereingang
",1,Öffnung / Schließung,,,,,,
"Eingangstüren
",1,Öffnung / Schließung,,,,,,
"offenen Garagentor
",1,Öffnung / Schließung,,,,,,
"Tor!?
",1,Öffnung / Schließung,,,,,,
"Fenstercke
",1,Öffnung / Schließung,,,,,,
"Schlupftür
",1,Öffnung / Schließung,,,,,,
"Türen öffnete
",1,Öffnung / Schließung,,,,,,
"Schloßthor
",1,Öffnung / Schließung,,,,,,
"Grenzpolizei
",1,Öffnung / Schließung,,,,,,
"Grenzzäune
",1,Öffnung / Schließung,,,,,,
"Fensterlöcher
",1,Öffnung / Schließung,,,,,,
"Grenzort
",1,Öffnung / Schließung,,,,,,
"Hinderniß
",1,Öffnung / Schließung,,,,,,
"Hinterpforte
",1,Öffnung / Schließung,,,,,,
"Cabinet-Thür
",1,Öffnung / Schließung,,,,,,
"Vorlegeschloss
",1,Öffnung / Schließung,,,,,,
"offenen Säulengang
",1,Öffnung / Schließung,,,,,,
"Kupeefenster
",1,Öffnung / Schließung,,,,,,
"Vorhang abgesperrt
",1,Öffnung / Schließung,,,,,,
"geöffneten Kirchenfenstern
",1,Öffnung / Schließung,,,,,,
"Brecheisen
",1,Öffnung / Schließung,,,,,,
"Fensterstocke
",1,Öffnung / Schließung,,,,,,
"Türhüter öffneten
",1,Öffnung / Schließung,,,,,,
"Hindernissen
",1,Öffnung / Schließung,,,,,,
"Flügeltür öffnet
",1,Öffnung / Schließung,,,,,,
"geschlossenen Gittertür
",1,Öffnung / Schließung,,,,,,
"offene Haustür
",1,Öffnung / Schließung,,,,,,
"Türensprünge
",1,Öffnung / Schließung,,,,,,
"Pforte geöffnet
",1,Öffnung / Schließung,,,,,,
"offenen Terrassentür
",1,Öffnung / Schließung,,,,,,
"geöffneten Thor
",1,Öffnung / Schließung,,,,,,
"Wand öffnete
",1,Öffnung / Schließung,,,,,,
"Brücke
",1,Öffnung / Schließung,,,,,,
"geöffneten Flügeltüren
",1,Öffnung / Schließung,,,,,,
"Vorhänge geschlossen
",1,Öffnung / Schließung,,,,,,
"geschlossenen Kutsche
",1,Öffnung / Schließung,,,,,,
"Thor geöffnet
",1,Öffnung / Schließung,,,,,,
"Audienz-Thür
",1,Öffnung / Schließung,,,,,,
"geöffneten Vorhänge
",1,Öffnung / Schließung,,,,,,
"Tür?
",1,Öffnung / Schließung,,,,,,
"halbgeöffneten
",1,Öffnung / Schließung,,,,,,
"Eingangstüre
",1,Öffnung / Schließung,,,,,,
"Fensterautomatik
",1,Öffnung / Schließung,,,,,,
"Thalschlucht
",1,Öffnung / Schließung,,,,,,
"offnen Thür
",1,Öffnung / Schließung,,,,,,
"Spazierritte
",1,Öffnung / Schließung,,,,,,
"Mauern Visibles
",1,Öffnung / Schließung,,,,,,
"Schicksalstür
",1,Öffnung / Schließung,,,,,,
"Türentransfers
",1,Öffnung / Schließung,,,,,,
"offene Stubenthür
",1,Öffnung / Schließung,,,,,,
"Grenzreitern
",1,Öffnung / Schließung,,,,,,
"offenen Käfig
",1,Öffnung / Schließung,,,,,,
"Haustür öffnete
",1,Öffnung / Schließung,,,,,,
"Fensterläden öffnete
",1,Öffnung / Schließung,,,,,,
"Wände eingesperrt
",1,Öffnung / Schließung,,,,,,
"Darmwand
",1,Öffnung / Schließung,,,,,,
"Absperrbändern
",1,Öffnung / Schließung,,,,,,
"Schießhausgang
",1,Öffnung / Schließung,,,,,,
"Häuserwand
",1,Öffnung / Schließung,,,,,,
"Felsenloch
",1,Öffnung / Schließung,,,,,,
"Eingangstüren geöffnet
",1,Öffnung / Schließung,,,,,,
"offenstehenden Tür
",1,Öffnung / Schließung,,,,,,
"offenen Grenzen
",1,Öffnung / Schließung,,,,,,
"Fenster-Stab
",1,Öffnung / Schließung,,,,,,
"Fenster-Rahmens
",1,Öffnung / Schließung,,,,,,
"Zugfenster
",1,Öffnung / Schließung,,,,,,
"Türen-Einsatzteam
",1,Öffnung / Schließung,,,,,,
"Treppenheirat
",1,Öffnung / Schließung,,,,,,
"Mauertore
",1,Öffnung / Schließung,,,,,,
"Fensterritzen
",1,Öffnung / Schließung,,,,,,
"Zeltwand
",1,Öffnung / Schließung,,,,,,
"Wohnungseingang
",1,Öffnung / Schließung,,,,,,
"Türritze
",1,Öffnung / Schließung,,,,,,
"Fahrstuhltüren
",1,Öffnung / Schließung,,,,,,
"geöffnetem Fenster
",1,Öffnung / Schließung,,,,,,
"Terrassenmauer
",1,Öffnung / Schließung,,,,,,
"Fensterläden geöffnet
",1,Öffnung / Schließung,,,,,,
"Fenstersimsen
",1,Öffnung / Schließung,,,,,,
"Jalousie
",1,Öffnung / Schließung,,,,,,
"Schlüssel geöffnet
",1,Öffnung / Schließung,,,,,,
"offenstehenden Türen
",1,Öffnung / Schließung,,,,,,
"Gartenwände
",1,Öffnung / Schließung,,,,,,
"Wagenthüre
",1,Öffnung / Schließung,,,,,,
"offen Türe
",1,Öffnung / Schließung,,,,,,
"Türen eröffnet
",1,Öffnung / Schließung,,,,,,
"Mauerwerke
",1,Öffnung / Schließung,,,,,,
"Türeingang
",1,Öffnung / Schließung,,,,,,
"Aufstiege
",1,Öffnung / Schließung,,,,,,
"Treppen-Pedalierens
",1,Öffnung / Schließung,,,,,,
"Stiege
",1,Öffnung / Schließung,,,,,,
"Felsenmauern
",1,Öffnung / Schließung,,,,,,
"geschlossenen Pforte
",1,Öffnung / Schließung,,,,,,
"öffneten Tür
",1,Öffnung / Schließung,,,,,,
"verschlossene Pforte
",1,Öffnung / Schließung,,,,,,
"Fensterheberknopf
",1,Öffnung / Schließung,,,,,,
"Treppenaufgänge
",1,Öffnung / Schließung,,,,,,
"Felsenthor
",1,Öffnung / Schließung,,,,,,
"Glasdach
",1,Öffnung / Schließung,,,,,,
"Vorhängen geschlossen
",1,Öffnung / Schließung,,,,,,
"Fensterlücken
",1,Öffnung / Schließung,,,,,,
"Gartenwand
",1,Öffnung / Schließung,,,,,,
"Öffnet
",1,Öffnung / Schließung,,,,,,
"offene  Fenster
",1,Öffnung / Schließung,,,,,,
"Grenzverletzung
",1,Öffnung / Schließung,,,,,,
"Vorhang geschlossen
",1,Öffnung / Schließung,,,,,,
"offene Hauptthor
",1,Öffnung / Schließung,,,,,,
"offene Autotür
",1,Öffnung / Schließung,,,,,,
"Glass
",1,Öffnung / Schließung,,,,,,
"Guckloch
",1,Öffnung / Schließung,,,,,,
"Zypressenwand
",1,Öffnung / Schließung,,,,,,
"Mauerspalte
",1,Öffnung / Schließung,,,,,,
"Laubengang
",1,Öffnung / Schließung,,,,,,
"offen gelassene Thür
",1,Öffnung / Schließung,,,,,,
"Portierentür
",1,Öffnung / Schließung,,,,,,
"Fenstervorhang
",1,Öffnung / Schließung,,,,,,
"Einschränkung frei
",1,Öffnung / Schließung,,,,,,
"Türenverrammeln
",1,Öffnung / Schließung,,,,,,
"Cammer-Thür
",1,Öffnung / Schließung,,,,,,
"offne Gartenthür
",1,Öffnung / Schließung,,,,,,
"Gefängnistür
",1,Öffnung / Schließung,,,,,,
"Jugendzentrumstür
",1,Öffnung / Schließung,,,,,,
"geschlossene Tore
",1,Öffnung / Schließung,,,,,,
"Wohnungstür offen
",1,Öffnung / Schließung,,,,,,
"Weltuntergang
",1,Naturkatastrophe,,,,,,
"Schiffsuntergang
",1,Naturkatastrophe,,,,,,
"Jagd
",96,Natur / Landleben / Jagd,,,,,,
"Spaziergange
",58,Natur / Landleben / Jagd,,,,,,
"Spaziergängen
",37,Natur / Landleben / Jagd,,,,,,
"spazieren
",35,Natur / Landleben / Jagd,,,,,,
"Promenade
",34,Natur / Landleben / Jagd,,,,,,
"Spaziergänge
",23,Natur / Landleben / Jagd,,,,,,
"Spazierfahrt
",23,Natur / Landleben / Jagd,,,,,,
"Spazierritt
",12,Natur / Landleben / Jagd,,,,,,
"Spatziergang
",9,Natur / Landleben / Jagd,,,,,,
"Spazierengehen
",5,Natur / Landleben / Jagd,,,,,,
"Spazierganges
",5,Natur / Landleben / Jagd,,,,,,
"Spazierweg
",5,Natur / Landleben / Jagd,,,,,,
"Landlebens
",4,Natur / Landleben / Jagd,,,,,,
"spaziren
",3,Natur / Landleben / Jagd,,,,,,
"Ausfluge
",2,Natur / Landleben / Jagd,,,,,,
"Ausflugs
",2,Natur / Landleben / Jagd,,,,,,
"Jagd-Wagen
",2,Natur / Landleben / Jagd,,,,,,
"Spazier-Gang
",2,Natur / Landleben / Jagd,,,,,,
"Spazierreisen
",2,Natur / Landleben / Jagd,,,,,,
"Spazier-Fahrt
",2,Natur / Landleben / Jagd,,,,,,
"Jagdschloß
",1,Natur / Landleben / Jagd,,,,,,
"Spatzier-Fahrt
",1,Natur / Landleben / Jagd,,,,,,
"Spatzierritt
",1,Natur / Landleben / Jagd,,,,,,
"Waldritt
",1,Natur / Landleben / Jagd,,,,,,
"Landkreise
",1,Natur / Landleben / Jagd,,,,,,
"Jagdgesellschaft
",1,Natur / Landleben / Jagd,,,,,,
"Landleben
",1,Natur / Landleben / Jagd,,,,,,
"Jagdwagen
",1,Natur / Landleben / Jagd,,,,,,
"Spazier-Gange
",1,Natur / Landleben / Jagd,,,,,,
"Spatziergängen
",1,Natur / Landleben / Jagd,,,,,,
"Landwirtschaft
",1,Natur / Landleben / Jagd,,,,,,
"spazierte
",1,Natur / Landleben / Jagd,,,,,,
"Schlittschuhfahrt
",1,Natur / Landleben / Jagd,,,,,,
"Treibjagd
",1,Natur / Landleben / Jagd,,,,,,
"Spaziergangs
",1,Natur / Landleben / Jagd,,,,,,
"Bollerwagen
",1,Natur / Landleben / Jagd,,,,,,
"Abendspaziergang
",1,Natur / Landleben / Jagd,,,,,,
"Flugjagd
",1,Natur / Landleben / Jagd,,,,,,
"Spazierfahrten
",1,Natur / Landleben / Jagd,,,,,,
"Entenjagd
",1,Natur / Landleben / Jagd,,,,,,
"Jagd-Schiff
",1,Natur / Landleben / Jagd,,,,,,
"Spaziergehen
",1,Natur / Landleben / Jagd,,,,,,
"Strandspaziergang
",1,Natur / Landleben / Jagd,,,,,,
"Kriege
",173,Krieg,,,,,,
"Angriff
",128,Krieg,,,,,,
"Krieges
",116,Krieg,,,,,,
"Schlacht
",111,Krieg,,,,,,
"Rückzug
",62,Krieg,,,,,,
"Untergang
",48,Krieg,,,,,,
"Belagerung
",35,Krieg,,,,,,
"Kampf
",33,Krieg,,,,,,
"Sieg
",30,Krieg,,,,,,
"Ausbruch
",28,Krieg,,,,,,
"Kriegs
",24,Krieg,,,,,,
"Revolution
",24,Krieg,,,,,,
"Zerstörung
",12,Krieg,,,,,,
"Kriegsschiffe
",12,Krieg,,,,,,
"Armee
",10,Krieg,,,,,,
"Kriegsherren
",9,Krieg,,,,,,
"Kriegern
",8,Krieg,,,,,,
"Kriegsschiffen
",8,Krieg,,,,,,
"Kriegserklärung
",8,Krieg,,,,,,
"Einfall
",7,Krieg,,,,,,
"Kriegsschiff
",7,Krieg,,,,,,
"Kriegen
",6,Krieg,,,,,,
"Kriegs-Schiffe
",6,Krieg,,,,,,
"Angriffe
",6,Krieg,,,,,,
"Feldzug
",5,Krieg,,,,,,
"Kriegszuge
",5,Krieg,,,,,,
"Angriffen
",5,Krieg,,,,,,
"Kriegshaufen
",4,Krieg,,,,,,
"Weltkrieg
",4,Krieg,,,,,,
"Kriegshafen
",4,Krieg,,,,,,
"Kriegsjahren
",4,Krieg,,,,,,
"Kriegs-Schiffen
",4,Krieg,,,,,,
"Aufstand
",4,Krieg,,,,,,
"Kriegführung
",4,Krieg,,,,,,
"Türkenkriege
",4,Krieg,,,,,,
"Abwehr
",4,Krieg,,,,,,
"Kriegsministerium
",3,Krieg,,,,,,
"Kriegsrath
",3,Krieg,,,,,,
"Kriegsgericht
",3,Krieg,,,,,,
"krieg
",3,Krieg,,,,,,
"Kriegsende
",3,Krieg,,,,,,
"Türkenkrieg
",3,Krieg,,,,,,
"Kriegsgebiet
",3,Krieg,,,,,,
"Triumphwagen
",3,Krieg,,,,,,
"Kriegsgenossen
",3,Krieg,,,,,,
"Bürgerkrieg
",2,Krieg,,,,,,
"Rückzuge
",2,Krieg,,,,,,
"Kriegerklärung
",2,Krieg,,,,,,
"Kriegsmacht
",2,Krieg,,,,,,
"Kriegs-Dienste
",2,Krieg,,,,,,
"Kriegsvolk
",2,Krieg,,,,,,
"Kriegsfelde
",2,Krieg,,,,,,
"Einzuge
",2,Krieg,,,,,,
"Kriegschiffe
",2,Krieg,,,,,,
"Triumph
",2,Krieg,,,,,,
"Kriegsfahrzeuge
",2,Krieg,,,,,,
"Kriegsschauplatz
",2,Krieg,,,,,,
"Schlachtordnung
",2,Krieg,,,,,,
"Guerillakrieg
",2,Krieg,,,,,,
"Kriegsdienst
",2,Krieg,,,,,,
"Kriegsministers
",2,Krieg,,,,,,
"Kriegers
",2,Krieg,,,,,,
"Kriegsgefangenschaft
",2,Krieg,,,,,,
"Kriegszeuge
",2,Krieg,,,,,,
"Feldzuge
",2,Krieg,,,,,,
"Ochsenkrieg
",2,Krieg,,,,,,
"Kriegsrates
",2,Krieg,,,,,,
"Kriegszug
",2,Krieg,,,,,,
"Kleinkrieg
",2,Krieg,,,,,,
"Kriegszustand
",2,Krieg,,,,,,
"Kriegsgefangenen
",2,Krieg,,,,,,
"Seesieg
",2,Krieg,,,,,,
"Siege
",2,Krieg,,,,,,
"Krieges-Läuffen
",1,Krieg,,,,,,
"Kriegsläufen
",1,Krieg,,,,,,
"Kriegspartei
",1,Krieg,,,,,,
"Kriegregel
",1,Krieg,,,,,,
"Inkermann-Schlacht
",1,Krieg,,,,,,
"Schlachtlinie
",1,Krieg,,,,,,
"Kriegsfuße
",1,Krieg,,,,,,
"Kriegsanführung
",1,Krieg,,,,,,
"Kriegs-Knechte
",1,Krieg,,,,,,
"Riesenkrieg
",1,Krieg,,,,,,
"Kriegsrathe
",1,Krieg,,,,,,
"Kriegsgott
",1,Krieg,,,,,,
"Kriegszüge
",1,Krieg,,,,,,
"Kriegstrupp
",1,Krieg,,,,,,
"Vertilgungskrieg
",1,Krieg,,,,,,
"Kriegsplatze
",1,Krieg,,,,,,
"Freiheitskrieg
",1,Krieg,,,,,,
"Panzerspähwagen
",1,Krieg,,,,,,
"Kriegsgebieten
",1,Krieg,,,,,,
"Wiederbewaffnung
",1,Krieg,,,,,,
"Kriegshandwerk
",1,Krieg,,,,,,
"Kriegsweisen
",1,Krieg,,,,,,
"Kriegsschulen
",1,Krieg,,,,,,
"Kriegsstürme
",1,Krieg,,,,,,
"Einmarsch
",1,Krieg,,,,,,
"Kriegszucht
",1,Krieg,,,,,,
"Kriegs-Zuge
",1,Krieg,,,,,,
"Plünderung
",1,Krieg,,,,,,
"Kriegstrommete
",1,Krieg,,,,,,
"Schießeisen
",1,Krieg,,,,,,
"Kriegsfuß
",1,Krieg,,,,,,
"Kriegs-Rechts
",1,Krieg,,,,,,
"Kriegskoggen
",1,Krieg,,,,,,
"Kriegsmarine
",1,Krieg,,,,,,
"Kundschafterlinie
",1,Krieg,,,,,,
"Kriegsministeriums
",1,Krieg,,,,,,
"Krieges-Schiffen
",1,Krieg,,,,,,
"Zerstörungskrieg
",1,Krieg,,,,,,
"Siegeswagen
",1,Krieg,,,,,,
"Abnutzungskrieg
",1,Krieg,,,,,,
"Kriegs-Glücks
",1,Krieg,,,,,,
"Kriegerscharen
",1,Krieg,,,,,,
"Schlachten
",1,Krieg,,,,,,
"Bewegungskrieg
",1,Krieg,,,,,,
"Kriegsaufbauten
",1,Krieg,,,,,,
"Kriegsknechte
",1,Krieg,,,,,,
"Kriegsausbruch
",1,Krieg,,,,,,
"Kriegs-Handwerck
",1,Krieg,,,,,,
"Kriegspfad
",1,Krieg,,,,,,
"Kriegsführung
",1,Krieg,,,,,,
"Kriegmaschine
",1,Krieg,,,,,,
"Kriegsgefährten
",1,Krieg,,,,,,
"Besatzung
",1,Krieg,,,,,,
"Kriegserinnerungen
",1,Krieg,,,,,,
"Burenkrieg
",1,Krieg,,,,,,
"Kriegszeiten
",1,Krieg,,,,,,
"Kriegsdampfern
",1,Krieg,,,,,,
"Granatsplitter
",1,Krieg,,,,,,
"Kriegsgenosse
",1,Krieg,,,,,,
"Kriegsgurgel
",1,Krieg,,,,,,
"Großkrieg
",1,Krieg,,,,,,
"Schießen
",1,Krieg,,,,,,
"Kriegsveteran
",1,Krieg,,,,,,
"Feldherren
",1,Krieg,,,,,,
"Kriegsgeschrei
",1,Krieg,,,,,,
"Kampfe
",1,Krieg,,,,,,
"Massaker
",1,Krieg,,,,,,
"Kriegsereignissen
",1,Krieg,,,,,,
"Kriegsmännern
",1,Krieg,,,,,,
"Kriegstagen
",1,Krieg,,,,,,
"Kriegs-Verlängerung
",1,Krieg,,,,,,
"Kriegsmaschinen
",1,Krieg,,,,,,
"Krimkrieg
",1,Krieg,,,,,,
"Kriegsheere
",1,Krieg,,,,,,
"Kriegsverhältnisse
",1,Krieg,,,,,,
"Untergange
",1,Krieg,,,,,,
"Kriegesgemeinde
",1,Krieg,,,,,,
"Kriegswitz
",1,Krieg,,,,,,
"Kriegsbereitschaft
",1,Krieg,,,,,,
"Kriegschauplatz
",1,Krieg,,,,,,
"Kriegsfahrzeug
",1,Krieg,,,,,,
"Kriegstrümmer
",1,Krieg,,,,,,
"Kriegsmuseum
",1,Krieg,,,,,,
"Franzosenkrieg
",1,Krieg,,,,,,
"Religionkrieg
",1,Krieg,,,,,,
"Kriegsgerichtsrat
",1,Krieg,,,,,,
"Würgekrieg
",1,Krieg,,,,,,
"Religionskrieg
",1,Krieg,,,,,,
"Eroberungen
",1,Krieg,,,,,,
"Kriegsaufbau
",1,Krieg,,,,,,
"Kriegsbuche
",1,Krieg,,,,,,
"Kriegseroberungen
",1,Krieg,,,,,,
"Seekrieg
",1,Krieg,,,,,,
"Kriegspfade
",1,Krieg,,,,,,
"Jugoslawien-Krieg
",1,Krieg,,,,,,
"Kriegsverkehr
",1,Krieg,,,,,,
"Kriegs-Bedienung
",1,Krieg,,,,,,
"Torpedoboot
",1,Krieg,,,,,,
"Krieges-Zug
",1,Krieg,,,,,,
"Kriegswerkzeuge
",1,Krieg,,,,,,
"Krieggurgel
",1,Krieg,,,,,,
"Verfolgung
",4,Kranhenhaus,,,,,,
"Krankenhausgang
",1,Kranhenhaus,,,,,,
"Rettungsweg
",1,Kranhenhaus,,,,,,
"Krankenhauswand
",1,Kranhenhaus,,,,,,
"Krankenbesuch
",1,Kranhenhaus,,,,,,
"Sprechzimmertür
",1,Kranhenhaus,,,,,,
"Praxiswand
",1,Kranhenhaus,,,,,,
"Krankenhaustür
",1,Kranhenhaus,,,,,,
"Prozession
",10,Kirche / Spiritualität,,,,,,
"Mission
",9,Kirche / Spiritualität,,,,,,
"Kirchhofsmauer
",7,Kirche / Spiritualität,,,,,,
"Kirchentür
",6,Kirche / Spiritualität,,,,,,
"Kirchhofmauer
",3,Kirche / Spiritualität,,,,,,
"Kirchenfenster
",3,Kirche / Spiritualität,,,,,,
"Kreuzgang
",3,Kirche / Spiritualität,,,,,,
"Pilgerfahrt
",2,Kirche / Spiritualität,,,,,,
"Kirchfahrt
",2,Kirche / Spiritualität,,,,,,
"wallfahren
",2,Kirche / Spiritualität,,,,,,
"Klostermauern
",2,Kirche / Spiritualität,,,,,,
"Kirchentüren
",2,Kirche / Spiritualität,,,,,,
"Kirchenraub
",1,Kirche / Spiritualität,,,,,,
"Kircheneingang
",1,Kirche / Spiritualität,,,,,,
"Kirchtür geöffnet
",1,Kirche / Spiritualität,,,,,,
"Wallgang
",1,Kirche / Spiritualität,,,,,,
"Kirchenzug
",1,Kirche / Spiritualität,,,,,,
"Klostermauer
",1,Kirche / Spiritualität,,,,,,
"Kirchengang
",1,Kirche / Spiritualität,,,,,,
"Kirchgange
",1,Kirche / Spiritualität,,,,,,
"Kirchethür
",1,Kirche / Spiritualität,,,,,,
"Kirch-Schlüssel
",1,Kirche / Spiritualität,,,,,,
"Urnekloster
",1,Kirche / Spiritualität,,,,,,
"Kirchthüre
",1,Kirche / Spiritualität,,,,,,
"Kirchenausgang
",1,Kirche / Spiritualität,,,,,,
"Klosterthüre
",1,Kirche / Spiritualität,,,,,,
"Kirchtüren
",1,Kirche / Spiritualität,,,,,,
"frei
",588,Freiheit,,,,,,
"Freyheit
",167,Freiheit,,,,,,
"freien
",91,Freiheit,,,,,,
"Gefangenschaft
",72,Freiheit,,,,,,
"Befreiung
",67,Freiheit,,,,,,
"befreit
",56,Freiheit,,,,,,
"Käfig
",51,Freiheit,,,,,,
"freiem
",39,Freiheit,,,,,,
"freier
",33,Freiheit,,,,,,
"Entführung
",23,Freiheit,,,,,,
"freyen
",22,Freiheit,,,,,,
"freie
",21,Freiheit,,,,,,
"einsperren
",17,Freiheit,,,,,,
"Freie
",12,Freiheit,,,,,,
"Käfigs
",10,Freiheit,,,,,,
"frey
",9,Freiheit,,,,,,
"Fesseln
",9,Freiheit,,,,,,
"eingesperrt
",6,Freiheit,,,,,,
"Banne
",6,Freiheit,,,,,,
"Freiung
",5,Freiheit,,,,,,
"Fessel
",5,Freiheit,,,,,,
"gefangen
",4,Freiheit,,,,,,
"Befreyung
",4,Freiheit,,,,,,
"Verbannung
",3,Freiheit,,,,,,
"freies
",3,Freiheit,,,,,,
"Knast
",2,Freiheit,,,,,,
"Freiheitsdrang
",2,Freiheit,,,,,,
"Käfig geöffnet
",2,Freiheit,,,,,,
"Gefangenschaft befreit
",2,Freiheit,,,,,,
"Gefängnis
",2,Freiheit,,,,,,
"Käfigtür
",1,Freiheit,,,,,,
"Käfiggitter
",1,Freiheit,,,,,,
"Ausweisung
",1,Freiheit,,,,,,
"Einschlusse
",1,Freiheit,,,,,,
"Gefängnißthür
",1,Freiheit,,,,,,
"Fesselung
",1,Freiheit,,,,,,
"befreyen
",1,Freiheit,,,,,,
"Käfigtür offen
",1,Freiheit,,,,,,
"Kerkermauern
",1,Freiheit,,,,,,
"freyem
",1,Freiheit,,,,,,
"Eingeschlossenen
",1,Freiheit,,,,,,
"Freygelassene
",1,Freiheit,,,,,,
"freigrünen
",1,Freiheit,,,,,,
"Einzelhaft
",1,Freiheit,,,,,,
"Fesseln befreit
",1,Freiheit,,,,,,
"Käfigen
",1,Freiheit,,,,,,
"Haft
",1,Freiheit,,,,,,
"Festsetzung
",1,Freiheit,,,,,,
"Vorladung
",1,Freiheit,,,,,,
"Kerkers öffneten
",1,Freiheit,,,,,,
"Gefängnistor
",1,Freiheit,,,,,,
"Gefängnisses Türe
",1,Freiheit,,,,,,
"befreie
",1,Freiheit,,,,,,
"Freigelassene
",1,Freiheit,,,,,,
"Käfige
",1,Freiheit,,,,,,
"Freiheitsbrief
",1,Freiheit,,,,,,
"Zuflucht
",106,Flucht /Zuflucht,,,,,,
"Ausweg
",96,Flucht /Zuflucht,,,,,,
"geflüchtet
",7,Flucht /Zuflucht,,,,,,
"Ausflucht
",6,Flucht /Zuflucht,,,,,,
"Fluchtversuch
",4,Flucht /Zuflucht,,,,,,
"Fluchtweg
",2,Flucht /Zuflucht,,,,,,
"gerettet
",1,Flucht /Zuflucht,,,,,,
"Flucht geöffnet
",1,Flucht /Zuflucht,,,,,,
"Zufluchtsort
",1,Flucht /Zuflucht,,,,,,
"flüchtigem
",1,Flucht /Zuflucht,,,,,,
"Festtage
",2,Fest,,,,,,
"Festtagen
",2,Fest,,,,,,
"Festgepränge
",1,Fest,,,,,,
"Festes
",1,Fest,,,,,,
"Festtagsanzug
",1,Fest,,,,,,
"Fest-Tags
",1,Fest,,,,,,
"Festgesellschaft
",1,Fest,,,,,,
"Zeremonienwagen
",1,Fest,,,,,,
"Fest
",1,Fest,,,,,,
"Festlichkeit
",1,Fest,,,,,,
"Festzug
",1,Fest,,,,,,
"Fest-Einladung
",1,Fest,,,,,,
"Abschiedsfeste
",1,Fest,,,,,,
"Erscheinungen
",3,Erscheinung,,,,,,
"Erscheinen
",2,Erscheinung,,,,,,
"Einöde
",61,Einsamkeit,,,,,,
"Einsiedeley
",14,Einsamkeit,,,,,,
"einsam
",3,Einsamkeit,,,,,,
"einsamen
",1,Einsamkeit,,,,,,
"Einsamkeit öfnete
",1,Einsamkeit,,,,,,
"Einsiedlerleben
",1,Einsamkeit,,,,,,
"Zurückgezogenheit
",1,Einsamkeit,,,,,,
"Daseins
",21,Dasein,,,,,,
"Erdenlebens
",6,Dasein,,,,,,
"Daseyn
",5,Dasein,,,,,,
"Vorhandensein
",3,Dasein,,,,,,
"Daseyns
",2,Dasein,,,,,,
"Sarge
",36,Bestattung,,,,,,
"Begräbnis
",23,Bestattung,,,,,,
"Grabstein
",19,Bestattung,,,,,,
"Grabschrift
",4,Bestattung,,,,,,
"Grabsteine
",3,Bestattung,,,,,,
"Begräbniß
",3,Bestattung,,,,,,
"Grabsteinen
",3,Bestattung,,,,,,
"Grabhügel
",2,Bestattung,,,,,,
"Urnen
",2,Bestattung,,,,,,
"Grab-Sieste
",1,Bestattung,,,,,,
"Sarg öffnen
",1,Bestattung,,,,,,
"Begräbnisses
",1,Bestattung,,,,,,
"Grabstätte
",1,Bestattung,,,,,,
"Grabhügeln
",1,Bestattung,,,,,,
"Grabegesang
",1,Bestattung,,,,,,
"Leichenwagen
",1,Bestattung,,,,,,
"Graberde
",1,Bestattung,,,,,,
"Grabs
",1,Bestattung,,,,,,
"Urne
",1,Bestattung,,,,,,
"Grabgeleit
",1,Bestattung,,,,,,
"Grabmäler
",1,Bestattung,,,,,,
"Grabscheit
",1,Bestattung,,,,,,
"Besuche
",182,Begegnung,,,,,,
"Begegnung
",165,Begegnung,,,,,,
"Einladung
",109,Begegnung,,,,,,
"Visite
",50,Begegnung,,,,,,
"Zusammenkunft
",32,Begegnung,,,,,,
"Vereinigung
",23,Begegnung,,,,,,
"Besuches
",15,Begegnung,,,,,,
"Visiten
",6,Begegnung,,,,,,
"Abschiedsbesuche
",3,Begegnung,,,,,,
"Besuchen
",2,Begegnung,,,,,,
"Visitation
",2,Begegnung,,,,,,
"Besuchszeit
",1,Begegnung,,,,,,
"Abendbesuch
",1,Begegnung,,,,,,
"Besuchs
",1,Begegnung,,,,,,
"Besuchern
",1,Begegnung,,,,,,
"Visitenzeit
",1,Begegnung,,,,,,
"Einladungskarte
",1,Begegnung,,,,,,
"Hollfeldschen Besuche
",1,Begegnung,,,,,,
"Begegnungen
",1,Begegnung,,,,,,
"Aufführung
",26,Aufführung,,,,,,
"Ausstellung
",4,Aufführung,,,,,,
"Abschlussinszenierung
",1,Aufführung,,,,,,
"Ausstellungen
",1,Aufführung,,,,,,
"Abenteuern
",7,Abenteuer,,,,,,
"Eroberung
",3,Abenteuer,,,,,,
"Abentheuer
",2,Abenteuer,,,,,,
"Aventüren
",1,Abenteuer,,,,,,
"Türkei
",39,,,,,,,
"Türke
",20,,,,,,,
"Wagenbauer
",15,,,,,,,
"Treptow
",10,,,,,,,
"Vorwand
",9,,,,,,,
"offenbare
",9,,,,,,,
"Türken
",9,,,,,,,
"Fährte
",9,,,,,,,
"Umbau
",7,,,,,,,
"Felleisen
",7,,,,,,,
"Einkaufswagen
",6,,,,,,,
"Einsegnung
",6,,,,,,,
"Tarnung
",6,,,,,,,
"Ausbleiben
",6,,,,,,,
"Autor
",5,,,,,,,
"Türkin
",5,,,,,,,
"Türkenmädchen
",5,,,,,,,
"Kühlschranktür
",5,,,,,,,
"Fehltritt
",4,,,,,,,
"Abschluß
",4,,,,,,,
"Abschiedsgesuch
",4,,,,,,,
"Einschätzung
",4,,,,,,,
"Abtritt
",4,,,,,,,
"Abschreiben
",3,,,,,,,
"Auerhahn
",3,,,,,,,
"Autorschaft
",3,,,,,,,
"offenbaren
",3,,,,,,,
"Auseinandersetzung
",3,,,,,,,
"Portal
",3,,,,,,,
"Fernbedienung
",3,,,,,,,
"Einwand
",3,,,,,,,
"Abschlüsse
",3,,,,,,,
"Umkreise
",3,,,,,,,
"Fischfang
",2,,,,,,,
"Türkenmädchens
",2,,,,,,,
"Gartenseite
",2,,,,,,,
"Abschrift
",2,,,,,,,
"Türk
",2,,,,,,,
"verteidigt
",2,,,,,,,
"Aussöhnung
",2,,,,,,,
"Abschilderung
",2,,,,,,,
"Vorübergang
",2,,,,,,,
"Torfziegel
",2,,,,,,,
"Toto
",2,,,,,,,
"Zauberkreise
",2,,,,,,,
"Türkise
",2,,,,,,,
"Verlust
",2,,,,,,,
"Aufwand
",2,,,,,,,
"Eingriff
",2,,,,,,,
"Hingang
",2,,,,,,,
"Abgange
",2,,,,,,,
"Rückgang
",2,,,,,,,
"Aussteuer
",2,,,,,,,
"Abschreckung
",2,,,,,,,
"Abstieg
",2,,,,,,,
"Abstand
",2,,,,,,,
"Buddelschiff
",2,,,,,,,
"Spieße
",2,,,,,,,
"Torwart
",2,,,,,,,
"Himmelfahrt
",2,,,,,,,
"Besinnung
",2,,,,,,,
"Gemeinschaft
",2,,,,,,,
"Abschluss
",2,,,,,,,
"Fenz
",2,,,,,,,
"Erschlaffung
",1,,,,,,,
"Türkisenaugen
",1,,,,,,,
"Staatswirtschaft
",1,,,,,,,
"Andringen
",1,,,,,,,
"Abschickung
",1,,,,,,,
"Wohlfahrt
",1,,,,,,,
"Sammetgewand
",1,,,,,,,
"Suchbegriff Türen
",1,,,,,,,
"Auskunft
",1,,,,,,,
"Fahrerflucht
",1,,,,,,,
"Kaiserzug
",1,,,,,,,
"Dampf
",1,,,,,,,
"Trennung schloß
",1,,,,,,,
"Felsenburgischen
",1,,,,,,,
"Fernglas
",1,,,,,,,
"Rangordnung
",1,,,,,,,
"Supermarkttür
",1,,,,,,,
"Einladungsgeschäft
",1,,,,,,,
"Flecklgewand
",1,,,,,,,
"Gartenarbeit
",1,,,,,,,
"Wiedererscheinung
",1,,,,,,,
"Gleise
",1,,,,,,,
"Orlog
",1,,,,,,,
"Erdgeschoss
",1,,,,,,,
"Zurücksetzung
",1,,,,,,,
"?
",1,,,,,,,
"Herrschaft
",1,,,,,,,
"Vorstieg
",1,,,,,,,
"Erdbodens
",1,,,,,,,
"offenbarer
",1,,,,,,,
"Auslieferung frei
",1,,,,,,,
"Proviantwagen
",1,,,,,,,
"Abschiedsschmaus
",1,,,,,,,
"festzuklammern
",1,,,,,,,
"Torte
",1,,,,,,,
"Troßkarren
",1,,,,,,,
"Fluche
",1,,,,,,,
"Hofnung
",1,,,,,,,
"Wagenschauer
",1,,,,,,,
"Ölpreise
",1,,,,,,,
"Türkis
",1,,,,,,,
"Gartenschuppen
",1,,,,,,,
"Autoterror
",1,,,,,,,
"Verlassene
",1,,,,,,,
"Streifenwagen
",1,,,,,,,
"Gartenrundgang
",1,,,,,,,
"Aufsteigen
",1,,,,,,,
"Fahnenstange
",1,,,,,,,
"Fischerboot
",1,,,,,,,
"Reit-Bahn
",1,,,,,,,
"Einschlägen
",1,,,,,,,
"Feldhuhn
",1,,,,,,,
"Fensterputzens
",1,,,,,,,
"Gallengang
",1,,,,,,,
"Türkenglocke
",1,,,,,,,
"Wagenburgen
",1,,,,,,,
"Sparren
",1,,,,,,,
"Trendsetter
",1,,,,,,,
"Gartenblume
",1,,,,,,,
"Fahrlohn
",1,,,,,,,
"Hofnarren
",1,,,,,,,
"Türkenzuge
",1,,,,,,,
"Hausherren
",1,,,,,,,
"Dame
",1,,,,,,,
"Austrocknung
",1,,,,,,,
"Scheinkreise
",1,,,,,,,
"Aufstoß
",1,,,,,,,
"Zurückgetretenen
",1,,,,,,,
"Einschwärzens
",1,,,,,,,
"Türkische
",1,,,,,,,
"Speisen
",1,,,,,,,
"Abschlag
",1,,,,,,,
"offenbahren
",1,,,,,,,
"Grieg
",1,,,,,,,
"Burgherren
",1,,,,,,,
"Ausbau
",1,,,,,,,
"Abschreiberlohn
",1,,,,,,,
"Eilpostfahrt
",1,,,,,,,
"Fuhre
",1,,,,,,,
"Fluchen
",1,,,,,,,
"Besuchameisen
",1,,,,,,,
"Autoschlossern
",1,,,,,,,
"Trennmesser
",1,,,,,,,
"Autodafée
",1,,,,,,,
"Hingebungbereite
",1,,,,,,,
"Direktionslinie
",1,,,,,,,
"Abschlagszahlung
",1,,,,,,,
"Aug
",1,,,,,,,
"Versetzung frei
",1,,,,,,,
"Abdeckwagen
",1,,,,,,,
"Autokrat
",1,,,,,,,
"Aufbau
",1,,,,,,,
"Absprache
",1,,,,,,,
"Türkenschaaren
",1,,,,,,,
"derselben
",1,,,,,,,
"Einspritzung
",1,,,,,,,
"Long
",1,,,,,,,
"Unermessene
",1,,,,,,,
"Wagentransports
",1,,,,,,,
"Fensterputztag
",1,,,,,,,
"Spielzeugeisenbahn
",1,,,,,,,
"Chiffongewand
",1,,,,,,,
"Absetzung
",1,,,,,,,
"Abgeschliffene
",1,,,,,,,
"Abkunft
",1,,,,,,,
"Vermessungsritt
",1,,,,,,,
"Gartenbesuch
",1,,,,,,,
"Erdkreise
",1,,,,,,,
"Gelände
",1,,,,,,,
"Rücktritt frei
",1,,,,,,,
"Käuferkreise
",1,,,,,,,
"Waarenballen öffnete
",1,,,,,,,
"Heimsuch
",1,,,,,,,
"Staatswagen
",1,,,,,,,
"Grün
",1,,,,,,,
"Dunstkreise
",1,,,,,,,
"Portière
",1,,,,,,,
"Aufgange
",1,,,,,,,
"Seitenleinwand
",1,,,,,,,
"Seitenlaubgang
",1,,,,,,,
"Einsteigen
",1,,,,,,,
"Vorderzeug
",1,,,,,,,
"Einkaufen
",1,,,,,,,
"Erschütterung
",1,,,,,,,
"Türenschwester
",1,,,,,,,
"Hintergrundstellung
",1,,,,,,,
"Scheißkaff
",1,,,,,,,
"Türenpatenschaft
",1,,,,,,,
"Aufzuge
",1,,,,,,,
"Aufflug
",1,,,,,,,
"Spielen
",1,,,,,,,
"Rennbahn
",1,,,,,,,
"Aufschritt
",1,,,,,,,
"Gartenkonzert
",1,,,,,,,
"Fußbreit
",1,,,,,,,
"Laubgang
",1,,,,,,,
"Vortritt
",1,,,,,,,
"Abszess
",1,,,,,,,
"Spiegel-Redakteur
",1,,,,,,,
"Weltweisen
",1,,,,,,,
"Abscheu
",1,,,,,,,
"Wagenführern
",1,,,,,,,
"Gassen
",1,,,,,,,
"Preßgang
",1,,,,,,,
"Rücktritt
",1,,,,,,,
"Autounfall
",1,,,,,,,
"Trümmern
",1,,,,,,,
"Felsenburgische
",1,,,,,,,
"Einzechten
",1,,,,,,,
"Freiherrnrang
",1,,,,,,,
"Einhergang
",1,,,,,,,
"Extrazuge
",1,,,,,,,
"Seitengang
",1,,,,,,,
"Fußtritt
",1,,,,,,,
"Miniatür
",1,,,,,,,
"Hirzenbauer
",1,,,,,,,
"Erkundigung
",1,,,,,,,
"offenbahre
",1,,,,,,,
"Abacherbad
",1,,,,,,,
"Reitertrupp
",1,,,,,,,
"Eiger-Nordwand
",1,,,,,,,
"Abweichendes
",1,,,,,,,
"Einsatzfahrzeug
",1,,,,,,,
"Eiswagen
",1,,,,,,,
"Abschrifft
",1,,,,,,,
"Minengang
",1,,,,,,,
"Einband
",1,,,,,,,
"Abgehen
",1,,,,,,,
"Wagenbach
",1,,,,,,,
"Türkisen
",1,,,,,,,
"Schutz
",1,,,,,,,
"Tweedanzugs
",1,,,,,,,
"Parforceritt
",1,,,,,,,
"Wagentaschen
",1,,,,,,,
"Kirchenchor
",1,,,,,,,
"Umzugswagen
",1,,,,,,,
"Wiedereintritt
",1,,,,,,,
".
",1,,,,,,,
"Anflug
",1,,,,,,,
"Entdeckungsscene
",1,,,,,,,
"Abschiedsverbeugung
",1,,,,,,,
"Tagesausflug
",1,,,,,,,
"Fischbauern
",1,,,,,,,
"Eins
",1,,,,,,,
"Landammanns Wagen
",1,,,,,,,
"Personalaufgang
",1,,,,,,,
"Lichtkreise
",1,,,,,,,
"Auslaufen
",1,,,,,,,
"Erdenjahren
",1,,,,,,,
"Erdendämmerung
",1,,,,,,,
"Wagenfahrt
",1,,,,,,,
"Fensterputzen
",1,,,,,,,
"Türckischen
",1,,,,,,,
"Fischzuge
",1,,,,,,,
"Wagenbank
",1,,,,,,,
"öffentlich
",1,,,,,,,
"Einschläferung
",1,,,,,,,
"Abscheulichkeiten
",1,,,,,,,
"Rückbesinnung
",1,,,,,,,
"Garde
",1,,,,,,,
"Fensterreinigen
",1,,,,,,,
"Eingeborene
",1,,,,,,,
"Fischerey
",1,,,,,,,
"Schneckengang
",1,,,,,,,
"Eilwagen
",1,,,,,,,
"Bullenkrug
",1,,,,,,,
"Wagen-Umstürzen
",1,,,,,,,
"Tresor
",1,,,,,,,
"Begebenheiten
",1,,,,,,,
"Lindengang
",1,,,,,,,
"Wiedersehen
",1,,,,,,,
"Abschwören
",1,,,,,,,
"geflossen
",1,,,,,,,
"Linie
",1,,,,,,,
"Abscheues
",1,,,,,,,
"Entzückung
",1,,,,,,,
"Besuchkarte
",1,,,,,,,
"Abgeschabte
",1,,,,,,,
"Hallengang
",1,,,,,,,
"Aufhebens
",1,,,,,,,
"erobert
",1,,,,,,,
"Kutschenschlag
",1,,,,,,,
"Beg
",1,,,,,,,
"Totos
",1,,,,,,,
"Absprung
",1,,,,,,,
"Niederkunft
",1,,,,,,,
"öfftern
",1,,,,,,,
"Türckische
",1,,,,,,,
"Abschiedsbriefe
",1,,,,,,,
"Erschossene
",1,,,,,,,
"Aufschluß
",1,,,,,,,
"Erschossenen
",1,,,,,,,
"Abendgang
",1,,,,,,,
"Efeugeheg
",1,,,,,,,
"!
",1,,,,,,,
"Fernandos
",1,,,,,,,
"Abgotte
",1,,,,,,,
"Feuergewand
",1,,,,,,,
"Waldgewand
",1,,,,,,,
"Einmündung
",1,,,,,,,
"offene Ordre
",1,,,,,,,
"Gallop
",1,,,,,,,
"Rothenburg
",1,,,,,,,
"Türentagebuch
",1,,,,,,,
"Wagenwiege
",1,,,,,,,
"Totenerscheinung
",1,,,,,,,
"verregneten
",1,,,,,,,
"Waffengang
",1,,,,,,,
"Leiterwagen
",1,,,,,,,
"Transporte
",1,,,,,,,
"Abrechnung
",1,,,,,,,
"Ausbauer
",1,,,,,,,
"Maersk-Linie
",1,,,,,,,
"Hausgenossen
",1,,,,,,,
"Zackenschlucht
",1,,,,,,,
"Familienkreise
",1,,,,,,,
"Wachtschiff
",1,,,,,,,
"Treptows
",1,,,,,,,
"Karrenweg
",1,,,,,,,
"Freigrafschaft
",1,,,,,,,
"Abgewiesene
",1,,,,,,,
"Aufstellung
",1,,,,,,,
"Schlammmonster
",1,,,,,,,
"Totlebens
",1,,,,,,,
"Auswahlverfahren
",1,,,,,,,
"Flugvorgang
",1,,,,,,,
"Dazwischenkunft
",1,,,,,,,
"Massenmeinung
",1,,,,,,,
"Autogesellschaft
",1,,,,,,,
"Wirkungskreise
",1,,,,,,,
"geradeswegs
",1,,,,,,,
"Gartenfassade
",1,,,,,,,
"Entehrung
",1,,,,,,,
"Dampfroß
",1,,,,,,,
"Schiebekarren
",1,,,,,,,
"Besitzung
",1,,,,,,,
"Einkaufsweg
",1,,,,,,,
"Landeskreise
",1,,,,,,,
"Kreuzbahn
",1,,,,,,,
"Botschaftsweg
",1,,,,,,,
"offenbart
",1,,,,,,,
"offensiv
",1,,,,,,,
"Abschießen
",1,,,,,,,
"Wagenplanen
",1,,,,,,,
"Wagenlaube
",1,,,,,,,
"Luntengang
",1,,,,,,,
"geflügelte
",1,,,,,,,
"Besuchsanzug
",1,,,,,,,
"Armeniers
",1,,,,,,,
"Hinterlassenschaft
",1,,,,,,,
"Tatort
",1,,,,,,,
"Privatkreise
",1,,,,,,,
"Mauerquadrates
",1,,,,,,,
"Türkeit
",1,,,,,,,
"Eisberg
",1,,,,,,,
"Vorsprung
",1,,,,,,,
"geschart
",1,,,,,,,
"Bootgen
",1,,,,,,,
"Abtheilung
",1,,,,,,,
"Tortur
",1,,,,,,,
"Thorwart
",1,,,,,,,
"Hinuntergehen
",1,,,,,,,
"Feldumgang
",1,,,,,,,
"Eingeborenenwerft
",1,,,,,,,
"Wüstenschiff
",1,,,,,,,
"Türkenhäusern
",1,,,,,,,
"Verkaufspreise
",1,,,,,,,
"Sturmfahrt
",1,,,,,,,
"Begriffe
",1,,,,,,,
"Gemüsewagen
",1,,,,,,,
"Aufschrei
",1,,,,,,,
"Eintracht
",1,,,,,,,
"Bogengang
",1,,,,,,,
"Ausstellungsjahren
",1,,,,,,,
"Freiherren
",1,,,,,,,
"Fischbauer
",1,,,,,,,
"Wandlung
",1,,,,,,,
"Einschluß
",1,,,,,,,
"Weltmeinung
",1,,,,,,,
"Abgeordneten
",1,,,,,,,
"Türenehrenwort
",1,,,,,,,
"Wandelgängen
",1,,,,,,,
"Bootsbauer
",1,,,,,,,
"Zurückgewiesenen
",1,,,,,,,
"Stollengang
",1,,,,,,,
"Ablenkung
",1,,,,,,,
"Kartätschenladung
",1,,,,,,,
